player_id,name,player_name,team_name,games,minutes,actions,offensive,defensive,vaep,offensive_p90,defensive_p90,vaep_p90
6399.0,Gareth Bale,Gareth Frank Bale,Real Madrid,23,1784,1820,17.170784387426917,-0.4274067465448752,16.74337764088204,0.8662391226840932,-0.021561999545425318,0.8446771231386679
5503.0,Lionel Messi,Lionel Andrés Messi Cuccittini,Barcelona,33,2818,4520,26.096281105586883,-0.8165232058818219,25.27975789970506,0.8334511353807024,-0.026077746106942502,0.8073733892737599
3990.0,Jesé,Jesé Rodríguez Ruiz,Real Madrid,28,897,951,7.831584384884685,-0.1816433724889066,7.649941012395779,0.7857776974800688,-0.01822508754069297,0.7675526099393758
6749.0,Diego González,Diego González Polanco,Sevilla,2,115,98,0.929411658202298,0.03173462860286236,0.9611462868051603,0.7273656455496246,0.02483579629789228,0.7522014418475167
5695.0,James Rodríguez,James David Rodríguez Rubio,Real Madrid,26,1568,2562,10.85419030605117,-0.1658651318284683,10.688325174222701,0.6230083721585492,-0.009520320066685042,0.6134880520918642
19677.0,Karim Benzema,Karim Benzema,Real Madrid,27,2023,1597,13.237168044197839,-0.39717556607502047,12.839992478122818,0.5889002095787471,-0.017669698935616335,0.5712305106431308
197493.0,Mikel Arruabarrena,Mikel Arruabarrena Aranbide,Eibar,6,79,67,0.4642886577639729,0.020440775697352365,0.48472943346132524,0.5289364455538932,0.023286959655211555,0.5522234052091047
5246.0,Luis Suárez,Luis Alberto Suárez Díaz,Barcelona,35,3257,2493,19.868744204557633,-0.9060309807682643,18.96271322378937,0.5490288542862103,-0.025036164651256916,0.5239926896349534
6677.0,Imanol Agirretxe,Imanol Agirretxe Arruti,Real Sociedad,16,1207,728,7.297694121778477,-0.43009181472007185,6.867602307058405,0.5441528342668293,-0.03206981219950825,0.512083022067321
6676.0,Igor Zubeldía,Igor Zubeldia Elorza,Real Sociedad,1,11,12,0.05820937152020633,-0.002671292459126562,0.05553807906107977,0.4762584942562336,-0.021856029211035508,0.45440246504519816
6890.0,Andreu Fontàs,Andreu Fontàs Prat,Celta Vigo,7,567,932,2.4534359456738457,0.4087770231126342,2.86221296878648,0.38943427709108663,0.06488524176391018,0.45431951885499683
5487.0,Antoine Griezmann,Antoine Griezmann,Atlético Madrid,38,3134,3099,15.875891781615984,-0.20509793306700885,15.670793848548975,0.45591265486453053,-0.005889857682205105,0.45002279718232535
4320.0,Neymar,Neymar da Silva Santos Junior,Barcelona,34,3148,4797,16.720590255265215,-1.2288569486117922,15.491733306653423,0.4780346642229572,-0.03513250488407284,0.4429021593388844
3084.0,Christian Atsu,Christian Atsu Twasam,Málaga,12,426,367,1.9845386847737245,0.01991634300793521,2.0044550277816597,0.419268736219801,0.0042076781002680025,0.42347641432006894
197562.0,Iñigo Barrenetxea,Iñigo Barrenetxea García,Eibar,2,13,14,0.06740988907404244,-0.007419202185701579,0.05999068688834086,0.4666838474356784,-0.05136370743947247,0.415320139996206
6724.0,Nolito,Manuel Agudo Durán,Celta Vigo,29,2575,2983,12.559544722030132,-0.8809994132170686,11.678545308813064,0.43897437863406286,-0.03079221250079075,0.40818216613327213
7068.0,Marc Bartra,Marc Bartra Aregall,Barcelona,13,530,770,2.4426777957123704,-0.0436458628391847,2.3990319328731857,0.41479434266813836,-0.007411561614201176,0.40738278105393716
6765.0,Rodri,Rodrigo Hernández Cascante,Villarreal,3,104,156,0.28239668341120705,0.18198844243306667,0.4643851258442737,0.2443817452596984,0.15748999825938462,0.401871743519083
6906.0,Jon Bautista,Jon Bautista Orgilles,Real Sociedad,4,123,86,0.56612675182987,-0.030119280330836773,0.5360074714990333,0.41423908670478293,-0.022038497803051296,0.39220058890173165
5186.0,Denis Cheryshev,Denis Cheryshev,Valencia,9,531,575,2.376949266582262,-0.11313976987730712,2.2638094967049547,0.40287275704784103,-0.019176232182594427,0.3836965248652465
5504.0,Éver Banega,Éver Maximiliano David Banega,Sevilla,25,1776,2717,7.638402688918382,-0.08695665760023985,7.551446031318142,0.3870812173438369,-0.004406587378390533,0.3826746299654464
6735.0,Adrián López,Adrián López Álvarez,Villarreal,16,814,733,3.7460537891602144,-0.3064628125866875,3.439590976573527,0.4141828513813505,-0.033884094757741866,0.3802987566236086
6383.0,Thomas Partey,Thomas Teye Partey,Atlético Madrid,13,477,491,1.8029817510978319,0.15889196439820807,1.96187371549604,0.34018523605619466,0.0299796159241902,0.3701648519803849
24277.0,Vincenzo Renato Rennella,Vincenzo Renato Rennella,Real Betis,6,207,158,0.8518552567402367,-0.032493376347702,0.8193618803925347,0.3703718507566246,-0.014127554933783476,0.3562442958228411
6732.0,Lucas Pérez,Lucas Pérez Martínez,RC Deportivo La Coruña,36,3254,2398,13.433289494899082,-0.8355247511353809,12.597764743763701,0.3715415041613145,-0.023109166441974274,0.34843233771934023
6852.0,Jozabed Sánchez,Jozabed Sánchez Ruiz,Rayo Vallecano,27,2135,2284,8.138989868314937,-0.07803567292285152,8.060954195392085,0.3430955916385688,-0.0032895599826963167,0.3398060316558724
24072.0,Salva Sevilla,Salvador Sevilla López,Espanyol,15,565,656,2.180644743444864,-0.052587271871743724,2.12805747157312,0.34735933966378363,-0.00837673357249015,0.3389826060912935
5200.0,Lucas Vázquez,Lucas Vázquez Iglesias,Real Madrid,25,1300,1640,4.823303235882195,0.04196178281563334,4.865265018697828,0.3339209932533827,0.0029050465026207698,0.3368260397560035
5216.0,Andrés Iniesta,Andrés Iniesta Luján,Barcelona,28,2317,3873,8.459876075490378,0.1473575500131119,8.60723362550349,0.32860977418823223,0.005723858222347894,0.3343336324105801
24173.0,Carlos Castro,Carlos Castro García,Sporting Gijón,25,1077,565,4.254244763404131,-0.2535770454269368,4.000667717977194,0.3555079189474204,-0.02119028234765489,0.33431763659976554
6377.0,Ángel Correa,Ángel Martín Correa,Atlético Madrid,26,1017,1065,3.90585839415947,-0.22073622301104479,3.685122171148425,0.34565118532384687,-0.019534179027526088,0.3261170062963208
5574.0,Toni Kroos,Toni Kroos,Real Madrid,32,2827,4840,9.413369523523375,0.44371058062824886,9.857080104151624,0.29968279346201054,0.014125911657779412,0.31380870511979
5463.0,Luka Modrić,Luka Modrić,Real Madrid,32,2689,4598,8.967610450454057,0.36832072969991714,9.335931180153974,0.3001431537898346,0.012327581135363535,0.3124707349251981
8523.0,Yevgen Konoplyanka,Yevhen Konoplyanka,Sevilla,32,1704,1644,6.274384525850395,-0.4179766390006989,5.856407886849696,0.331393548900549,-0.022076230933135505,0.3093173179674135
6668.0,José Luis Morales,José Luis Morales Nogales,Levante UD,35,2760,2561,9.92549095902266,-0.6474245363642694,9.27806642265839,0.3236573138811737,-0.021111669664052264,0.30254564421712143
6393.0,Iñaki Williams,Iñaki Williams Arthuer,Athletic Club,25,1652,1334,6.248159976148978,-0.7490918227704242,5.499068153378554,0.3403961246086005,-0.04081008719693594,0.29958603741166456
6595.0,Dani Parejo,Daniel Parejo Muñoz,Valencia,33,2853,3827,9.893742071925388,-0.5379435506765731,9.355798521248815,0.3121054281364476,-0.01696982809705278,0.2951356000393948
6662.0,Iago Herrerín,Iago Herrerín Buisán,Athletic Club,2,180,134,0.40262212906964123,0.16599785193102434,0.5686199810006656,0.20131106453482064,0.08299892596551217,0.2843099905003328
5552.0,Marcelo,Marcelo Vieira da Silva Júnior,Real Madrid,30,2564,4210,8.225702919767471,-0.2212326698063407,8.00447024996113,0.28873372183271157,-0.00776557733329589,0.28096814449941565
26776.0,Isaac Cuenca,Juan Isaac Cuenca López,Granada,12,829,581,2.3761358375195414,0.14453019874054007,2.5206660362600815,0.25796408368728435,0.01569085390428059,0.27365493759156495
6844.0,Federico Ricca,Federico Ricca Rostagnol,Málaga,8,665,656,2.1104345158673823,-0.11084682666114531,1.999587689206237,0.28562271643317955,-0.015001826164666283,0.27062089026851327
26797.0,Piti,Francisco Medina Luna,Granada,16,843,712,2.735687360002194,-0.2296837440226227,2.506003615979571,0.292066266192405,-0.024521396158998867,0.26754487003340616
5470.0,Ivan Rakitić,Ivan Rakitić,Barcelona,36,2653,3757,7.851637148248497,-0.04980659039574675,7.8018305578527505,0.26635783767145293,-0.0016896317887739193,0.26466820588267903
7141.0,Giuseppe Rossi,Giuseppe Rossi,Levante UD,17,1180,901,3.702740710722029,-0.23683781456202269,3.4659028961600065,0.2824124270889683,-0.018063901110662747,0.26434852597830555
6680.0,Rubén Rochina,Rubén Rochina Naixes,Granada,35,2560,2983,7.599775691935327,-0.15875582862645388,7.441019863308873,0.26717961416960134,-0.005581259600148769,0.2615983545694526
5506.0,Javier Mascherano,Javier Alejandro Mascherano,Barcelona,32,2778,4148,7.368364373513032,0.6678114382957574,8.03617581180879,0.2387159084291479,0.02163535977200078,0.2603512682011487
6384.0,Gabi,Gabriel Fernández Arenas,Atlético Madrid,35,2979,4391,8.340417661140208,0.24737203140102793,8.587789692541236,0.25197636438490056,0.0074734752689132305,0.25944983965381374
6862.0,Cédric Bakambu,Cédric Bakambu,Villarreal,34,1938,1320,5.851750930771232,-0.457918443280505,5.393832487490727,0.2717531391999024,-0.0212655623814476,0.2504875768184548
6396.0,Beñat Etxebarria,Beñat Etxebarria Urkiaga,Athletic Club,36,3003,4032,8.452387608134188,-0.09850606831605546,8.353881539818133,0.25331830993409155,-0.002952229819662002,0.25036608011442957
4324.0,Dani Alves,Daniel Alves da Silva,Barcelona,29,2206,3874,5.571687186359894,0.5447743368276861,6.11646152318758,0.22731271385874452,0.02222560757683216,0.2495383214355767
6699.0,Ander Capa,Ander Capa Rodríguez,Eibar,36,3242,3470,8.35440295279841,0.521332096264814,8.875735049063223,0.23192358598144874,0.014472513468178056,0.2463960994496268
6928.0,Tana,Pedro Taunausú Domínguez Placeres,Las Palmas,27,2166,2608,6.027606457186863,-0.10390571167226881,5.923700745514594,0.25045456193297216,-0.004317411842338039,0.2461371500906341
5207.0,Cristiano Ronaldo,Cristiano Ronaldo dos Santos Aveiro,Real Madrid,36,3295,2755,9.880074657079813,-0.8905405021359911,8.989534154943822,0.2698654686304046,-0.02432432327533815,0.24554114535506644
6701.0,Joan Jordán,Joan Jordán Moreno,Espanyol,9,647,776,1.829876365621807,-0.09320659894729033,1.7366697666745168,0.25454230742807205,-0.012965369250782273,0.2415769381772898
6624.0,Burgui,Jorge Franco Alviz,Espanyol,26,1051,1015,2.9059741832620727,-0.09758952373522334,2.8083846595268493,0.24884650475127168,-0.008356857408344529,0.24048964734292716
7909.0,Nicolás Pareja,Nicolás Martín Pareja,Sevilla,2,128,172,0.3058313190122135,0.035670941695570946,0.34150226070778444,0.21503764618046262,0.02508113087969832,0.24011877706016094
6740.0,Chory Castro,Gonzalo Castro Irizábal,Málaga,24,1456,1515,4.065669587951153,-0.2066351834218949,3.859034404529259,0.2513119937607169,-0.012772779195034712,0.23853921456568222
6390.0,Markel Susaeta,Markel Susaeta Laskurain,Athletic Club,28,1975,1835,5.2803648126777265,-0.07035246294981334,5.210012349727913,0.2406242193118964,-0.003205935020497823,0.23741828429139858
10755.0,Jonathan Viera,Jonathan Viera Ramos,Las Palmas,36,3216,4383,8.959043227651753,-0.5294726907741278,8.429570536877625,0.2507194933111498,-0.014817332764201338,0.23590216054694843
6563.0,Juanpi,Juan Pablo Añor Acosta,Málaga,29,1680,1741,4.600030729973689,-0.2021860461391043,4.397844683834585,0.2464302176771619,-0.010831395328880588,0.23559882234828133
6685.0,Mikel Oyarzabal,Mikel Oyarzabal Ugarte,Real Sociedad,22,1561,1263,4.0444864843674,0.030733650462934747,4.075220134830335,0.2331862803286778,0.0017719593476387748,0.23495823967631657
6728.0,Fede Cartabia,Federico Nicolás Cartabia,RC Deportivo La Coruña,26,1400,1680,3.513455607714364,0.11649945221142843,3.6299550599257926,0.22586500335306628,0.007489250499306114,0.23335425385237238
22819.0,Bruno Soriano,Bruno Soriano Llido,Villarreal,31,2710,3421,7.0302368690373225,-0.038779477719799615,6.991457391317523,0.23347650118574131,-0.0012878793338678839,0.23218862185187344
3063.0,Danilo,Danilo Luiz da Silva,Real Madrid,24,2115,2954,5.46441874303855,-0.013606066087959334,5.450812676950591,0.2325284571505766,-0.000578981535657844,0.23194947561491877
6725.0,Zakaria Bakkali,Zakaria Bakkali,Valencia,16,610,579,1.828243273545988,-0.26371266006026417,1.5645306134857238,0.2697408108510474,-0.03890842525479307,0.23083238559625432
6320.0,Filipe Luis,Filipe Luís Kasmirski,Atlético Madrid,32,2947,4452,7.474249102699105,0.04243535638670437,7.516684459085809,0.22826006760872733,0.0012959559127259563,0.2295560235214533
5203.0,Sergio Busquets,Sergio Busquets i Burgos,Barcelona,35,2988,4631,6.938812096195761,0.6546214318659622,7.593433528061723,0.20900036434324584,0.01971751300801091,0.22871787735125673
6720.0,Pablo Sarabia,Pablo Sarabia García,Getafe,31,2609,2900,7.220266348980833,-0.6151007570151705,6.605165591965663,0.24907013085790533,-0.021218500625283767,0.22785163023262156
5721.0,Daniel Carvajal,Daniel Carvajal Ramos,Real Madrid,22,1685,2435,3.8993651238561142,0.3503785285865888,4.249743652442703,0.2082746950427598,0.01871458016189495,0.22698927520465476
6382.0,Fernando Torres,Fernando José Torres Sanz,Atlético Madrid,30,1765,1147,4.68227270047646,-0.2308774392295163,4.451395261246944,0.23875611503845973,-0.01177278726949375,0.22698332776896596
6718.0,Sergio Escudero,Sergio Escudero Palomo,Sevilla,15,1218,1301,3.208722642926732,-0.13771431241184473,3.0710083305148874,0.23709773223596545,-0.010175934414668329,0.2269217978212971
6332.0,Thomas Vermaelen,Thomas Vermaelen,Barcelona,10,528,676,1.2496150127262808,0.07963857069262303,1.3292535834189039,0.21300255898743423,0.013574756368060745,0.22657731535549497
20669.0,Tiago,Tiago Cardoso Mendes,Atlético Madrid,14,1097,1496,2.5592386899515986,0.1939531684620306,2.7531918584136292,0.2099648879632123,0.0159122927635212,0.2258771807267335
6581.0,Jony,Jonathan Rodríguez Menéndez,Sporting Gijón,36,2956,2695,7.940653077330187,-0.5482164673157968,7.39243661001439,0.24176548611627768,-0.016691299749127777,0.2250741863671499
25707.0,Fran Rico,Francisco Manuel Rico Castro,Granada,28,1535,1696,3.820561117753852,0.016762479732278734,3.837323597486131,0.22400684078035613,0.0009828164012410986,0.22498965718159725
26685.0,Miku Fedor,Nicolás Ladislao Fedor Flores,Rayo Vallecano,22,1604,1020,4.148236949342769,-0.1578357546532061,3.9904011946895626,0.2327564373072626,-0.008856120897000342,0.22390031641026223
23816.0,José Antonio Reyes,José Antonio Reyes Calderón,Sevilla,24,1229,1313,4.004549685014179,-0.9507669307058677,3.0537827543083114,0.2932542486991669,-0.06962491762695533,0.22362933107221158
5199.0,Koke,Jorge Resurrección Merodio,Atlético Madrid,35,3071,4435,7.7131637790105305,-0.11227310888352804,7.6008906701270025,0.22604517750275083,-0.003290322305280861,0.22275485519746993
6847.0,Adalberto Peñaranda,Adalberto Peñaranda Maestre,Granada,23,1722,1165,4.5998015971530695,-0.3402443533123005,4.259557243840769,0.24040774898012557,-0.017782805922245674,0.2226249430578799
6356.0,Michael Krohn-Dehli,Michael Krohn-Dehli,Sevilla,27,1745,1808,4.301862519818591,0.0012051397352479398,4.303067659553839,0.2218725654920763,6.215620411020892e-05,0.2219347216961865
7900.0,Bebé,Tiago Manuel Dias Correia,Rayo Vallecano,34,2304,2184,6.090574896046659,-0.4531644184025936,5.637410477644066,0.23791308187682264,-0.017701735093851312,0.22021134678297133
5633.0,Yannick Carrasco,Yannick Ferreira Carrasco,Atlético Madrid,29,1553,2066,3.937137085727183,-0.2421085793466773,3.6950285063805057,0.22816634753087348,-0.014030761198455219,0.21413558633241822
11675.0,Moi Gómez,Moisés Gómez Bordonado,Getafe,22,972,968,2.073934972412186,0.2256667429173831,2.299601715329569,0.19203101596409128,0.02089506878864658,0.21292608475273783
30429.0,Hugo Fraile,Hugo Fraile Martín,Sporting Gijón,3,91,77,0.2425933780549094,-0.028335791925201192,0.21425758612970822,0.2399275167576027,-0.028024409596352825,0.21190310716124988
10727.0,Răzvan Raț,Răzvan Dincă Raț,Rayo Vallecano,10,770,1022,2.1613220154249575,-0.353765750216553,1.8075562652084045,0.2526220537509691,-0.04134924353180489,0.21127281021916416
27341.0,Marcelo Díaz,Marcelo Alfonso Díaz Rojas,Celta Vigo,14,1031,1476,2.426950478790328,-0.02292818605201319,2.404022292738315,0.2118579467421237,-0.002001490538003091,0.20985645620412058
11094.0,Arda Turan,Arda Turan,Barcelona,18,845,1375,1.5762875971202739,0.35982238786527887,1.9361099849855528,0.1678886198116268,0.03832427799748532,0.20621289780911212
24263.0,Isma López,Ismael López Blanco,Sporting Gijón,31,2591,2542,5.574192028421443,0.27470839605666697,5.84890042447811,0.19362303456500576,0.009542167365920505,0.20316520193092624
4926.0,Isco,Francisco Román Alarcón Suárez,Real Madrid,31,1881,2968,4.50407007801556,-0.264323578812764,4.239746499202796,0.21550574535959616,-0.01264706118721359,0.2028586841723826
23785.0,Théo Bongonda Mbul'Ofeko Batombo,Théo Bongonda Mbul''Ofeko Batombo,Celta Vigo,23,1243,931,2.768762603796553,0.026566321932477877,2.795328925729031,0.20047355940602557,0.0019235470425768375,0.2023971064486024
4711.0,Pablo Hernández,Pablo Hernández Domínguez,Rayo Vallecano,27,1976,2163,4.632302962922491,-0.2657746452023275,4.366528317720164,0.21098545883756284,-0.012105120479863094,0.19888033835769978
26222.0,Zé Castro,José Eduardo Rosa Vale de Castro,Rayo Vallecano,22,1775,2193,3.4414130773802754,0.4393408728064969,3.8807539501867723,0.17449418420519708,0.022276438621174493,0.19677062282637156
6998.0,Rafinha,Rafael Alcântara do Nascimento,Barcelona,6,292,383,0.6772381013142876,-0.04027278610737994,0.6369653152069077,0.20873777095303386,-0.012412845033096557,0.1963249259199373
6776.0,David Juncà,David Juncà Reñé,Eibar,31,2440,2435,5.753805177376606,-0.48184720292920247,5.271957974447403,0.21223051883766167,-0.017773052567060747,0.19445746627060093
26848.0,Roberto Trashorras,Roberto Trashorras Gayoso,Rayo Vallecano,36,3234,5163,7.049251634911107,-0.11050348010030575,6.938748154810801,0.19617583399567087,-0.0030752359953702896,0.1931005980003006
15602.0,Juan Carlos Valerón,Juan Carlos Valerón Santana,Las Palmas,13,417,778,0.9058971159392968,-0.01131577898922842,0.8945813369500684,0.19551736315236623,-0.0024422544581068533,0.19307510869425937
6671.0,Asier Illarramendi,Asier Illarramendi Andonegi,Real Sociedad,33,2949,3693,5.903105730270966,0.3710261883388739,6.27413191860984,0.18015582086279655,0.011323281434553628,0.19147910229735018
49433.0,Hachim Mastour,Hachim Mastour,Málaga,1,10,6,-0.0018162108026444912,0.022868434665724635,0.021052223863080144,-0.01634589722380042,0.20581591199152172,0.18947001476772132
7005.0,João Cancelo,João Pedro Cavaco Cancelo,Valencia,28,2198,2645,4.417257570428541,0.18622122140368447,4.6034787918322255,0.18087041917132335,0.007625072759932485,0.18849549193125584
6742.0,Keko,Sergio Gontán Gallardo,Eibar,29,2378,2301,4.56216395445494,0.3862127313768724,4.948376685831812,0.17266390071528367,0.01461696628423823,0.18728086699952193
6697.0,Dani Ceballos,Daniel Ceballos Fernández,Real Betis,34,2214,2906,4.472114675063873,0.08307809382677078,4.5551927688906435,0.18179327947414117,0.003377158285641089,0.18517043775978226
5687.0,Takashi Inui,Takashi Inui,Eibar,27,1682,1342,3.6507449711328372,-0.19677657730062492,3.4539683938322123,0.1953430721771435,-0.010529067750925233,0.18481400442621823
6899.0,Rubén Pardo,Rubén Pardo Gutiérrez,Real Sociedad,28,1855,2269,3.797474652355537,2.968384069390595e-05,3.797504336196231,0.18424405321401527,1.440186340944224e-06,0.1842454934003562
23802.0,Juan Muñoz,Juan Muñoz Muñoz,Sevilla,8,323,110,0.6892689147498459,-0.029493940295651555,0.6597749744541943,0.1920563539550654,-0.008218125778974118,0.1838382281760913
17054.0,Emiliano Velázquez,Emiliano Daniel Velázquez Maldonado,Getafe,11,1006,804,2.998468441568548,-0.960478868422797,2.037989573145751,0.2682526438779019,-0.08592753296028999,0.18232511091761192
6401.0,Kévin Gameiro,Kevin Gameiro,Sevilla,31,2163,1171,4.638366696579513,-0.2793481687986059,4.359018527780907,0.19299722731953592,-0.011623363472896225,0.18137386384663967
27109.0,Youssef El-Arabi,Youssef El-Arabi,Granada,35,2624,1626,5.804852500337964,-0.5357058531080838,5.2691466472298805,0.1990993616731771,-0.018374057461786414,0.1807253042113907
23791.0,Víctor Casadesús,Víctor Casadesús Castaño,Levante UD,23,1021,824,2.2442578052869067,-0.20426140597555786,2.039996399311349,0.19782879772362547,-0.01800541286758101,0.17982338485604446
6627.0,Damián Suárez,Damián Nicolás Suárez Suárez,Getafe,31,2737,3073,6.205402605160838,-0.7377045749744866,5.467698030186352,0.2040505058328372,-0.024257731730984215,0.179792774101853
19668.0,Augusto Fernández,Augusto Matías Fernández,Celta Vigo,28,2261,3103,3.5207241449388675,0.9954857676348183,4.516209912573686,0.14014381824170635,0.03962570503632625,0.17976952327803258
8234.0,Ignacio Camacho,Ignacio Camacho Barnola,Málaga,23,2093,2367,3.9018245945044328,0.2740594907081686,4.175884085212601,0.16778032178948826,0.011784689041440598,0.17956501083092885
4353.0,Aymeric Laporte,Aymeric Laporte,Athletic Club,26,2297,2576,4.998740833601914,-0.4203872929792851,4.578353540622629,0.1958583696230615,-0.016471422014860976,0.1793869476082005
10802.0,André Gomes,André Filipe Tavares Gomes,Valencia,30,2465,3118,5.137284572349396,-0.2327224817709066,4.904562090578489,0.18756819939612396,-0.008496966880073668,0.1790712325160503
6918.0,Isaac Success,Isaac Ajayi Success,Granada,30,2498,2161,5.223527184338309,-0.3077204806613736,4.915806703676935,0.1881975366655115,-0.011086806749208818,0.1771107299163027
6926.0,Alen Halilović,Alen Halilović,Sporting Gijón,36,2443,2170,5.152760499913246,-0.3459934394340962,4.8067670604791495,0.1898274437135457,-0.01274638131357702,0.17708106239996868
5456.0,Mateo Kovačić,Mateo Kovačić,Real Madrid,25,1095,1623,2.176401446777163,-0.041977543354732916,2.13442390342243,0.17888231069401342,-0.0034502090428547606,0.17543210165115866
21210.0,Mariano,Mariano Ferreira Filho,Sevilla,23,1768,1753,3.277225211437326,0.1684258947352646,3.4456511061725905,0.16682707524285031,0.008573716360958038,0.17540079160380834
6666.0,Sabin Merino,Sabin Merino Zuloaga,Athletic Club,22,1177,814,2.523738562595099,-0.2384046684310306,2.2853338941640686,0.1929791594167875,-0.018229753745788235,0.1747494056709993
5719.0,Marco Asensio Willemsen,Marco Asensio Willemsen,Espanyol,34,2924,2976,6.19558259457443,-0.518698388885241,5.676884205689189,0.19069850667294755,-0.015965408686618224,0.17473309798632936
27347.0,Juan Manuel Vargas,Juan Manuel Vargas Risco,Real Betis,20,1787,1736,4.061516891142354,-0.5931761470274068,3.4683407441149465,0.20455317302899376,-0.02987456812113409,0.17467860490785964
6721.0,Willian José,Willian José da Silva,Las Palmas,30,1820,1259,3.9588811415855307,-0.4362426586158108,3.52263848296972,0.19576884766082295,-0.021572439162320312,0.17419640849850263
6832.0,Rubén Castro,Rubén Castro Martín,Real Betis,38,3501,2254,7.351530688414734,-0.5896312205877621,6.7618994678269715,0.18898536474073865,-0.01515761492513527,0.17382774981560337
19431.0,Fernando Tissone,Fernando Damián Tissone,Málaga,12,1030,1138,1.9222175967879593,0.05220964827458374,1.974427245062543,0.1679607608843848,0.004562008101662657,0.17252276898604746
5213.0,Gerard Piqué,Gerard Piqué Bernabéu,Barcelona,30,2659,4045,4.477786460018251,0.6090058937552385,5.08679235377349,0.15156103098971138,0.020613211898447337,0.17217424288815872
7907.0,Pedro Bigas,Pedro Bigas Rigo,Las Palmas,27,2446,2654,3.8958059307769872,0.7542541811417323,4.6500601119187195,0.1433452713695539,0.027752606828600125,0.17109787819815403
6709.0,Anaitz Arbilla,Anaitz Arbilla Zabala,Espanyol,7,651,822,1.2881243396550417,-0.059434305847389624,1.228690033807652,0.17808170594309333,-0.008216724310699027,0.1698649816323943
6605.0,Joseba Zaldúa,Joseba Zaldúa Bengoetxea,Real Sociedad,13,950,949,1.5710184731869958,0.2042806536774151,1.775299126864411,0.14883332903876803,0.01935290403259722,0.16818623307136524
26783.0,Roque Santa Cruz,Roque Luis Santa Cruz Cantero,Málaga,17,487,373,1.023215577180963,-0.11786433606175706,0.905351241119206,0.18909528120387406,-0.021781910155150176,0.1673133710487239
5737.0,Steven Nzonzi,Steven N''Kemboanza Mike Christopher Nzonzi,Sevilla,28,1916,1902,3.2637292477011215,0.26179067257908173,3.5255199202802032,0.15330669743898795,0.012297056645155196,0.16560375408414316
8264.0,Adnane Tighadouini,Adnane Tighadouini,Málaga,10,407,380,0.8844318504687398,-0.1499046652461402,0.7345271852225996,0.1955746106687631,-0.033148451774330755,0.16242615889443235
6838.0,Hernán Pérez,Hernán Arsenio Pérez González,Espanyol,32,2544,2658,5.344279202551348,-0.8091176883899607,4.535161514161388,0.18906648122233544,-0.028624446523229742,0.1604420346991057
23806.0,Álex Bergantiños,Alejandro Bergantiños García,RC Deportivo La Coruña,22,1810,1755,2.743740690726554,0.4770909490180202,3.220831639744574,0.13642909511899992,0.023722754371061777,0.1601518494900617
6841.0,Vitolo,Víctor Machín Pérez,Sevilla,28,2130,2020,4.038160362862982,-0.2488059206516482,3.7893544422113337,0.1706264942054781,-0.01051292622471753,0.16011356798076057
11813.0,Emiliano Buendía,Emiliano Buendía,Getafe,17,786,852,1.2590559095810168,0.13727577051031403,1.3963316800913308,0.14416670720393324,0.015718599676753514,0.15988530688068672
6649.0,De Marcos,Óscar de Marcos Arana,Athletic Club,34,3002,3161,4.738413138140459,0.5204804856330156,5.258893623773474,0.14205768901820162,0.015604011894394205,0.15766170091259585
6569.0,Roberto Rosales,Roberto José Rosales Altuve,Málaga,35,3203,3355,5.016594656946836,0.5724959629878867,5.589090619934723,0.1409595751249501,0.016086367989044587,0.1570459431139947
6392.0,Iñigo Lekue,Íñigo Lekue Martínez,Athletic Club,20,1212,1271,2.0564188068285585,0.04087206149415579,2.0972908683227143,0.15270436684370484,0.003035054071348202,0.15573942091505305
7782.0,Luis Alberto,Luis Alberto Romero Alconchel,RC Deportivo La Coruña,29,2168,2004,4.083032389837317,-0.3768240263743792,3.706208363462938,0.16949857706889232,-0.01564306382550467,0.15385551324338767
5201.0,Sergio Ramos,Sergio Ramos García,Real Madrid,23,2002,2565,4.039109116740292,-0.6181014606991084,3.4210076560411835,0.18157833192139175,-0.027786778952507373,0.15379155296888436
6700.0,Sergi Enrich,Sergio Enrich Ametller,Eibar,38,2512,1864,4.81565245508682,-0.5555534702871228,4.260098984799697,0.17253531885263287,-0.019904383887675577,0.1526309349649573
6842.0,Iker Muniain,Iker Muniain Goñi,Athletic Club,20,1062,1236,1.7917748350300826,0.0057363724044989794,1.7975112074345816,0.15184532500254935,0.0004861332546185576,0.15233145825716793
6771.0,Manu Trigueros,Manuel Trigueros Muñoz,Villarreal,31,2204,2492,3.5401669268580154,0.1764602293842472,3.7166271562422626,0.14456217033449245,0.007205726245273253,0.15176789657976572
24149.0,Verza,José Antonio García Rabasco,Levante UD,29,2216,2587,4.428348206155214,-0.6933422746806173,3.735005931474597,0.17985168707309082,-0.02815920790670377,0.15169247916638706
26211.0,Joan Verdú,Joan Verdú Fernández,Levante UD,13,949,1042,1.5990137543086893,0.0004692251677624881,1.5994829794764518,0.15164514002927507,4.4499752474840815e-05,0.1516896397817499
6394.0,Aritz Aduriz,Aritz Aduriz Zubeldia,Athletic Club,34,2889,1829,5.866807498599999,-1.0010835533903446,4.865723945209655,0.182766588741433,-0.03118640353240949,0.1515801852090235
23994.0,Álex Menéndez,Alejandro Menéndez Díez,Sporting Gijón,21,1101,895,1.7610549215197098,0.08831684963661246,1.8493717711563222,0.14395544317599807,0.00721936100571764,0.15117480418171572
6801.0,Pablo Hernández,Pedro Pablo Hernández,Celta Vigo,33,2377,3183,4.14275708142668,-0.15923701264546253,3.9835200687812176,0.15685659963331983,-0.006029167496041913,0.15082743213727792
5539.0,Casemiro,Carlos Henrique Casimiro,Real Madrid,23,1590,2169,2.3419985462678596,0.321977433108259,2.6639759793761186,0.13256595544912414,0.018225137723109,0.15079109317223313
6609.0,Denis Suárez,Denis Suárez Fernández,Villarreal,33,2474,2556,5.003257877782919,-0.8706831632880494,4.1325747144948695,0.1820101895717311,-0.031674003514925,0.15033618605680607
8803.0,Dani Giménez,Daniel Giménez Hernández,Real Betis,3,218,136,0.19459188962355256,0.1677534213522449,0.3623453109757975,0.08033610122073272,0.06925599964083506,0.14959210086156777
27346.0,Petros,Petros Matheus dos Santos Araújo,Real Betis,30,2420,2495,3.2592121670313645,0.7481258238549344,4.007337990886299,0.1212103698482739,0.027822861217745496,0.14903323106601937
6675.0,Antonio Luna,Antonio Manuel Luna Rodríguez,Eibar,15,1040,991,1.9166681314171292,-0.203184507554397,1.7134836238627322,0.1658655113726362,-0.01758327469220743,0.14828223668042875
8522.0,Bruma,Armindo Tué Na Bangna,Real Sociedad,32,1526,1789,2.7717858356414364,-0.2891869414015673,2.482598894239869,0.16347360760663782,-0.017055586321193354,0.14641802128544446
20016.0,Pepe,Kléper Laveran Lima Ferreira,Real Madrid,21,1951,2302,3.0383584837804083,0.1329618739982834,3.1713203577786917,0.14016005307034174,0.006133556463272941,0.1462936095336147
6712.0,Gonzalo Escalante,Gonzalo Escalante,Eibar,34,2914,2812,4.83218470835709,-0.10205711901653558,4.7301275893405546,0.14924386539194856,-0.003152072996392657,0.14609179239555592
7034.0,Mateo Musacchio,Mateo Pablo Musacchio,Villarreal,13,1046,946,1.5140194186824374,0.18256025156006217,1.6965796702424996,0.13026935724801086,0.01570786103289254,0.1459772182809034
6802.0,Jonny Castro,Jonathan Castro Otto,Celta Vigo,36,3083,3652,5.2292092881398275,-0.2316700326045975,4.99753925553523,0.1526528822356745,-0.006762991545382347,0.14588989069029215
6561.0,Luis Hernández,Luis Hernández Rodríguez,Sporting Gijón,36,3350,3103,4.544451086167479,0.8686853686231188,5.413136454790598,0.12208973067315614,0.023337815873456926,0.14542754654661308
10763.0,Asier Riesgo,Asier Riesgo Unamuno,Eibar,34,3179,1724,3.939278270059731,1.150356238213135,5.089634508272866,0.11152407810801376,0.03256749337501798,0.14409157148303176
5724.0,Fayçal Fajr,Fayçal Fajr,RC Deportivo La Coruña,38,2953,3338,4.803364389402792,-0.08791698308777995,4.715447406315012,0.1463944446482395,-0.0026794881401626127,0.1437149565080769
5582.0,Celso Borges,Celso Borges Mora,RC Deportivo La Coruña,24,1982,1854,3.1769375433796085,-0.015162947034696117,3.1617745963449124,0.1442605342604262,-0.0006885293809902374,0.143572004879436
166764.0,Ander Gayoso,Ander Gayoso Reina,Eibar,1,8,13,0.01119986071716994,0.0015230050776153803,0.01272286579478532,0.12599843306816183,0.017133807123173028,0.14313224019133486
6935.0,Adrián Marín,Adrián Marín Gómez,Villarreal,11,970,1044,1.7669336571998429,-0.2287075720669236,1.5382260851329193,0.16394229809070707,-0.021220290191776417,0.14272200789893066
11542.0,Javi Guerra,Javier Guerra Rodríguez,Rayo Vallecano,30,2164,1555,3.9417787702954374,-0.53375540941488,3.4080233608805575,0.16393719469805423,-0.022198700021875788,0.14173849467617844
6576.0,Gorka Iraizoz,Gorka Iraizoz Moreno,Athletic Club,37,3382,2296,5.204859504010528,0.10344862274359912,5.308308126754127,0.13850897556503478,0.0027529201794571022,0.14126189574449186
5217.0,Iago Aspas,Iago Aspas Juncal,Celta Vigo,35,2744,2238,4.644550036119975,-0.37409809851669706,4.270451937603278,0.15233582479985341,-0.012269981365343562,0.14006584343450984
6659.0,Víctor Camarasa,Víctor Camarasa Ferrando,Levante UD,34,2268,2406,3.1026521603635047,0.4049593049858231,3.5076114653493278,0.12312111747474223,0.016069813689913615,0.13919093116465586
10612.0,Yoel,Yoel Rodríguez Oterino,Rayo Vallecano,9,843,611,0.7241322863264941,0.5778044649050571,1.3019367512315512,0.07730949676083566,0.06168730942046873,0.1389968061813044
6867.0,Pape Diop,Papa Kouly Diop,Espanyol,30,2583,2533,4.302258269075537,-0.34406179838697426,3.958196470688563,0.14990446930576784,-0.011988215971671578,0.13791625333409627
8724.0,Carlos Martínez,Carlos Martínez Díez,Real Sociedad,10,569,680,0.7953543724725023,0.07602272563963197,0.8713770981121343,0.12580297631375256,0.012024684196075356,0.13782766050982792
6596.0,José Gayá,José Luis Gayà Peña,Valencia,20,1505,1646,2.3127290350352414,-0.0189675560395699,2.2937614789956715,0.1383027329921407,-0.0011342724541935488,0.13716846053794715
6656.0,Mikel Rico,Mikel Rico Moreno,Athletic Club,17,734,762,1.0835252444376238,0.032726487290346995,1.1162517317279708,0.13285731880025362,0.004012784545137915,0.13687010334539151
23843.0,Diego Mariño,Diego Mariño Villar,Levante UD,23,2153,1434,2.0722257719608024,1.1993213024397846,3.271547074400587,0.08662346468949012,0.05013419285628454,0.13675765754577465
5560.0,Carlos Vela,Carlos Alberto Vela Garrido,Real Sociedad,35,2834,2857,4.756047865947243,-0.4945757852110546,4.261472080736188,0.15103892305407618,-0.01570635873994175,0.1353325643141344
4546.0,Dimitri Foulquier,Dimitri Foulquier,Granada,21,1651,1378,2.510811407060828,-0.030857364152325317,2.4799540429085027,0.13687039771985132,-0.00168210949346413,0.13518828822638718
3497.0,Vicente Iborra,Vicente Iborra De La Fuente,Sevilla,29,1792,1276,3.100242657412309,-0.41605046080076136,2.684192196611548,0.1557041513209307,-0.02089539144646681,0.1348087598744639
26941.0,Javi Noblejas,Francisco Javier García Noblejas Hernanz,Getafe,1,94,121,0.13180091528920457,0.00899824796942994,0.1407991632586345,0.12619236570242992,0.008615343800518028,0.13480770950294793
16539.0,Diego Reyes,Diego Antonio Reyes Rosales,Real Sociedad,27,2391,2178,3.1094156528124586,0.45385380304651335,3.563269455858972,0.11704199445969105,0.017083581043156087,0.13412557550284712
7105.0,Fabián Orellana,Fabián Ariel Orellana Valenzuela,Celta Vigo,33,3015,4076,5.200806288247209,-0.7187434764346108,4.4820628118125985,0.15524794890290178,-0.021455029147301814,0.13379291975559995
6389.0,Mikel San José,Mikel San José Domínguez,Athletic Club,34,2796,3006,4.1372104127819185,0.015182132367044687,4.152392545148963,0.13317200899512613,0.0004886952478662453,0.13366070424299237
20086.0,Stipe Pletikosa,Stipe Pletikosa,RC Deportivo La Coruña,2,184,90,0.11424955661641434,0.1589069152250886,0.27315647184150293,0.055882935301507015,0.07772620853401073,0.13360914383551775
6787.0,Pedro López,Pedro López Muñoz,Levante UD,17,1343,1389,2.328968805959448,-0.33738154522143304,1.9915872607380152,0.1560738589250561,-0.02260933661200966,0.13346452231304645
6789.0,Mikel Balenziaga,Mikel Balenziaga Oruesagasti,Athletic Club,34,3031,2890,4.474970706913155,0.005955206142971292,4.480925913056126,0.1328760684995658,0.0001768289517873363,0.13305289745135312
3610.0,Roque Mesa,Roque Mesa Quevedo,Las Palmas,34,2901,4392,4.010404967492679,0.27710629782814067,4.28751126532082,0.12441794108043472,0.00859688617874273,0.13301482725917746
26023.0,Juanfran,Juan Francisco García García,Levante UD,20,1571,1451,2.7010943977446296,-0.41129470540909097,2.2897996923355386,0.15474124493762995,-0.023562395599502347,0.1311788493381276
12191.0,Gorka Elustondo,Gorka Elustondo Urkola,Athletic Club,11,506,491,1.1488814515178092,-0.41581775758822914,0.73306369392958,0.20434650323439293,-0.07395968020343997,0.13038682303095298
6772.0,Mario Gaspar,Mario Gaspar Pérez Martínez,Villarreal,33,2996,3116,4.786044463020517,-0.4589472130173817,4.327097250003135,0.14377303126563634,-0.013786798788906662,0.1299862324767297
11634.0,Cristiano Piccini,Cristiano Piccini,Real Betis,16,1473,1739,2.0468527929526754,0.07565663239802234,2.1225094253506978,0.12506228877511255,0.004622604830836395,0.12968489360594895
3601.0,Charly Musonda,Charly Musonda Junior,Real Betis,16,1277,1136,1.965215716772713,-0.13806057084002532,1.8271551459326876,0.13850384848045744,-0.009730189017699514,0.12877365946275793
27054.0,Roberto Lago,Roberto Lago Soto,Getafe,17,1409,1273,1.9828637456521392,0.024538638070225716,2.007402383722365,0.12665559766408271,0.0015674076836907837,0.12822300534777348
6927.0,David García,David García Santana,Las Palmas,19,1665,1823,2.6370737133547664,-0.2936297347769141,2.3434439785778522,0.1425445250462036,-0.01587187755550887,0.12667264749069473
6880.0,Antonio Sanabria,Arnaldo Antonio Sanabria Ayala,Sporting Gijón,29,2312,1555,4.044122407651253,-0.7905440975446254,3.2535783101066276,0.15742691033244496,-0.030773775423449952,0.12665313490899502
3240.0,Mat Ryan,Mathew Ryan,Valencia,8,757,483,0.6994781639659777,0.365643939410802,1.0651221033767797,0.08316120839754028,0.04347153837116536,0.12663274676870565
26633.0,Alberto Lora,Alberto Lora Ramos,Sporting Gijón,31,2524,2520,3.3132977455388755,0.23291323077864945,3.546210976317525,0.11814453133854944,0.008305146897812381,0.12644967823636183
7788.0,Ciro Immobile,Ciro Immobile,Sevilla,8,349,196,0.6058523276005872,-0.1159609287569765,0.48989139884361066,0.15623698992565285,-0.02990396443589652,0.12633302548975633
6606.0,Javi Eraso,Javier Eraso Goñi,Athletic Club,16,828,604,1.2561966917677783,-0.10145369215751998,1.1547429996102583,0.1365431186704107,-0.01102757523451304,0.12551554343589763
18407.0,José Alberto Cañas,José Alberto Cañas Ruiz Herrera,Espanyol,13,723,790,0.7981990750995465,0.2087512307043653,1.0069503058039118,0.09936088071778586,0.02598563037813676,0.12534651109592262
79615.0,Néstor Díaz,Néstor Díaz García,Celta Vigo,1,12,4,0.011463135946542025,0.0052114519057795405,0.016674587852321565,0.08597351959906518,0.039085889293346554,0.12505940889241174
6386.0,Eneko Bóveda,Eneko Bóveda Altube,Athletic Club,23,1543,1865,1.8726488866959698,0.2630838292388944,2.1357327159348642,0.109227738044483,0.015345135859689238,0.12457287390417227
6388.0,Ander Iturraspe,Ander Iturraspe Derteano,Athletic Club,16,742,819,1.0064038465141785,0.01549985699239187,1.0219037035065703,0.12207054742085724,0.001880036562419499,0.12395058398327673
6792.0,Pau López,Pau López Sabata,Espanyol,36,3331,1608,2.655953591573052,1.9283738757076208,4.584327467280673,0.07176097965823318,0.05210256644061419,0.12386354609884735
7797.0,Rodrigo De Paul,Rodrigo Javier De Paul,Valencia,9,541,648,0.7252599542515819,0.016140969237312675,0.7414009234888945,0.12065322713981953,0.002685188967390279,0.1233384161072098
6614.0,Alexis Ruano,Alexis Ruano Delgado,Getafe,15,1402,1111,2.031397202925291,-0.12122276157606393,1.910174441349227,0.1304035294317234,-0.007781774994183848,0.12262175443753953
6580.0,Recio,José Luis García del Pozo,Málaga,33,2847,3150,3.711370287775528,0.136954882676946,3.848325170452474,0.11732466663147084,0.004329448345951928,0.12165411497742279
4558.0,Pape Diop,Pape Cheikh Diop Gueye,Celta Vigo,5,70,60,0.0388957608374767,0.05563474816153757,0.09453050899901427,0.05000883536247005,0.07153039049340544,0.1215392258558755
6807.0,Rober,Roberto Suárez Pier,RC Deportivo La Coruña,2,56,79,-0.0681736480910331,0.14359389018500224,0.07542024209396914,-0.10956479157487463,0.23077589494018216,0.12121110336530755
3638.0,Shkodran Mustafi,Shkodran Mustafi,Valencia,30,2793,3056,3.1481119602103718,0.5327258244215045,3.6808377846318763,0.10144292030753077,0.017166245684903474,0.11860916599243425
27092.0,Abdoul Karim Yoda,Abdoul Karim Yoda,Getafe,18,1039,1196,1.6259956436697394,-0.25788259247201495,1.3681130511977244,0.14084659088573295,-0.022338241888817462,0.11850834899691548
6796.0,Nemanja Radoja,Nemanja Radoja,Celta Vigo,30,1544,1725,1.4412010572236031,0.5898511938285083,2.0310522510521114,0.08400783364645356,0.03438251777497781,0.11839035142143137
27402.0,Álvaro Pereira,Álvaro Daniel Pereira Barragán,Getafe,6,420,365,0.47335018881130964,0.07578662459854968,0.5491368134098593,0.1014321833167092,0.0162399909854035,0.11767217430211271
6752.0,Víctor Ruíz,Víctor Ruíz Torre,Villarreal,35,3125,3086,3.658842216071207,0.411110200220719,4.069952416291926,0.10537465582285077,0.011839973766356707,0.11721462958920748
6402.0,Paco Alcácer,Francisco Alcácer García,Valencia,34,2524,1167,3.6367679863233904,-0.37632366258185357,3.260444323741537,0.12967873168348062,-0.013418831074630277,0.11625990060885037
27656.0,Carl Medjani,Carl Medjani,Levante UD,14,1314,1016,1.7162518512341194,-0.0197699609270785,1.6964818903070409,0.1175514966598712,-0.0013541069128135959,0.1161973897470576
15297.0,Mickaël Ciani,Mickaël Ciani,Espanyol,2,137,168,0.05741532877436839,0.11913631949573755,0.17655164827010594,0.03771809919484055,0.07826473543515605,0.1159828346299966
6375.0,Juanfran,Juan Francisco Torres Belén,Atlético Madrid,35,3148,3300,4.122540324654663,-0.07038066233508289,4.05215966231958,0.11786169924362125,-0.002012153624573526,0.11584954561904771
27335.0,Arthur Boka,Arthur Etienne Boka,Málaga,14,1079,1298,1.8099393249689602,-0.4257707013457548,1.3841686236232054,0.15096806232363894,-0.035513774903723754,0.11545428741991517
15805.0,Hernán Santana,Hernán Daniel Santana Trujillo,Las Palmas,18,972,1147,1.1116862793569453,0.13424929842585698,1.2459355777828023,0.1029339147552727,0.012430490594986758,0.11536440535025946
24144.0,Ángel Montoro,Ángel Montoro Sánchez,Las Palmas,9,456,656,0.563437343202997,0.013046402717009187,0.5764837459200062,0.11120473879006519,0.002574947904672866,0.11377968669473806
25859.0,Duda,Sérgio Paulo Barbosa Valente,Málaga,26,1147,1550,1.8266492814912723,-0.37902218505041674,1.4476270964408555,0.1433290630638313,-0.029740188888001316,0.11358887417582998
24782.0,Jonhatan Montiel,Jonhatan Montiel Caballero,Rayo Vallecano,8,232,195,0.4089487857418135,-0.1194778383942321,0.2894709473475814,0.1586439255032897,-0.04634916144603832,0.1122947640572514
27457.0,Manu Fernández,Manuel Fernández Muñíz,RC Deportivo La Coruña,8,711,399,0.7960259213577956,0.08879553072620183,0.8848214520839974,0.10076277485541715,0.011239940598253397,0.11200271545367056
27521.0,Emmanuel Culio,Juan Emmanuel Culio,Las Palmas,12,585,836,0.6353027280515525,0.0891092648380436,0.7244119928895961,0.09773888123870039,0.013709117667391323,0.11144799890609172
24132.0,Francisco Varela,Francisco Miguel Varela Martín,Real Betis,14,958,966,1.3954461053553968,-0.22124705792521127,1.1741990474301855,0.13109618943839846,-0.020785214210092915,0.11031097522830552
20064.0,Miguel Lopes,Hugo Miguel Almeida Costa Lopes,Granada,26,2051,2071,2.675378706975607,-0.17991473176516593,2.4954639752104413,0.11739838304622362,-0.007894844397301284,0.10950353864892234
6733.0,Pedro Mosquera,Pedro Mosquera Parada,RC Deportivo La Coruña,37,3412,3987,3.0650461199369747,1.0764207369065844,4.141466856843559,0.08084822707922854,0.028393278523327254,0.10924150560255577
6783.0,Samu,Samuel García Sánchez,Villarreal,16,815,843,1.1893236985779367,-0.20035705482587218,0.9889666437520646,0.13133635935216478,-0.022125318937826377,0.10921104041433842
6736.0,Álvaro Medrán,Álvaro Medrán Just,Getafe,20,1536,1430,1.7031680798067246,0.15565184663864784,1.8588199264453724,0.09979500467617528,0.009120225388983272,0.10891523006515855
7161.0,Germán Pezzella,Germán Alejandro Pezzella,Real Betis,25,2254,1680,2.8314285043161362,-0.10394954794901423,2.727478956367122,0.11305615145894066,-0.004150603068061792,0.10890554839087888
6805.0,Hugo Mallo,Hugo Mallo Novegil,Celta Vigo,34,3062,3415,3.7176381523313466,-0.020754000783199444,3.696884151548147,0.10927087972234527,-0.0006100130863775147,0.10866086663596775
26387.0,Edgar Méndez,Edgar Antonio Méndez Ortega,Granada,15,790,609,0.8676383815763984,0.08570156877976842,0.9533399503561668,0.09884487891376689,0.009763469860986276,0.10860834877475319
24138.0,Quini,Joaquín José Marín Ruiz,Rayo Vallecano,27,2142,2153,1.829063447305467,0.7511765529343393,2.5802400002398063,0.0768514053489692,0.03156204003925795,0.10841344538822716
22102.0,Adriano,Adriano Correia Claro,Barcelona,8,450,694,0.6084846194135025,-0.06893172205309384,0.5395528973604087,0.1216969238827005,-0.013786344410618767,0.10791057947208174
6865.0,Francisco Molinero,Francisco José Molinero Calderón,Real Betis,21,1239,1234,1.6811717983477283,-0.1963491328060627,1.4848226655416656,0.12211901682913281,-0.014262648872111093,0.10785636795702172
8801.0,Iván López,Iván López Mendoza,Levante UD,13,995,906,1.2772607614751905,-0.08837064213003032,1.1888901193451602,0.11553112415353481,-0.007993324413771586,0.10753779973976323
6594.0,Santi Mina,Santiago Mina Lorenzo,Valencia,26,1636,1395,2.3879639752719086,-0.4390075248084031,1.9489564504635055,0.1313672113535891,-0.024150780704618752,0.10721643064897035
11537.0,Alberto García,Alberto García Cabrera,Sporting Gijón,6,567,333,0.547078977280762,0.12666466634254903,0.6737436436233111,0.08683793290170826,0.020105502594055403,0.10694343549576366
7577.0,Carles Planas,Carles Planas Antolínez,Celta Vigo,26,1759,2197,1.944026097538881,0.1400044695183169,2.084030567057198,0.09946694074957321,0.007163389571716044,0.10663033032128925
6827.0,Daniele Bonera,Daniele Bonera,Villarreal,14,1019,965,1.0699645419372246,0.1200483193679247,1.1900128613051493,0.0945012843712956,0.010602893761642026,0.10510417813293761
6593.0,Martín Montoya,Martín Montoya Torralbo,Real Betis,13,1213,1385,1.5805923366860952,-0.16413247445598245,1.4164598622301128,0.1172739573798422,-0.012178007173156159,0.10509595020668602
6559.0,Juan Carlos,Juan Carlos Pérez López,Málaga,19,1306,1128,1.538206392704975,-0.015455316781299189,1.5227510759236758,0.10600197193219582,-0.0010650677720650283,0.10493690416013078
27483.0,Benoît Trémoulinas,Benoît Trémoulinas,Sevilla,24,2239,2213,3.429805730469525,-0.8228748446854297,2.606930885784095,0.1378662419572386,-0.033076702108838174,0.10478953984840043
6651.0,Joaquín,Joaquín Sánchez Rodríguez,Real Betis,30,2019,2124,2.5548773352848366,-0.20579183450900018,2.3490855007758364,0.11388754837822451,-0.009173484450624079,0.10471406392760042
6791.0,Javi López,Javier López Rodríguez,Espanyol,31,2525,2486,2.8895634063519537,0.046770635148277506,2.9363340415002313,0.10299433923630727,0.0016670721438990003,0.10466141138020627
7905.0,Raúl Lizoáin,Raúl Lizoáin Cruz,Las Palmas,8,738,496,0.5133559264941141,0.3406626785872504,0.8540186050813645,0.06260438127977001,0.04154422909600615,0.10414861037577616
16338.0,Uche Agbo,Uche Henry Agbo,Granada,6,267,247,0.16736474662320688,0.14136665384285152,0.3087314004660584,0.056415083131418055,0.047651681070624105,0.10406676420204217
23800.0,Laure,Laureano Sanabria Ruiz,RC Deportivo La Coruña,23,1609,1559,1.573021080403123,0.28344302880577743,1.8564641092089005,0.08798750605113802,0.01585448887042882,0.10384199492156683
6797.0,Daniel Wass,Daniel Wass,Celta Vigo,36,2790,3320,3.690236345840618,-0.48000876865989994,3.210227577180718,0.11903988212389091,-0.015484153827738708,0.1035557282961522
13107.0,Sergio Álvarez,Sergio Álvarez Díaz,Sporting Gijón,27,2265,2331,3.08550286437897,-0.5052951123216189,2.580207752057351,0.12260276282300545,-0.020077951482978237,0.1025248113400272
27349.0,Heiko Westermann,Heiko Westermann,Real Betis,20,1686,1388,1.3097309728327673,0.6103556404123083,1.9200866132450756,0.06991446474196267,0.03258126194371752,0.1024957266856802
6690.0,Xabi Prieto,Xabier Prieto Argarate,Real Sociedad,36,2469,2518,2.9093575098232627,-0.10106476573855616,2.8082927440847065,0.1060519140883328,-0.003684013331903627,0.10236790075642917
6770.0,Esteban Granero,Esteban Félix Granero Molina,Real Sociedad,15,874,1070,0.916770084278658,0.07654680390260182,0.9933168881812598,0.09440424208819133,0.007882393994547099,0.10228663608273843
6861.0,Juan Cala,Juan Torres Ruiz,Getafe,22,1990,1611,1.574514854408335,0.6771059771708678,2.251620831579203,0.07120921452097997,0.03062288338963724,0.1018320979106172
26256.0,Igor Lichnovsky,Igor Lichnovsky Osorio,Sporting Gijón,2,185,69,-0.06588511436711997,0.27485443581826985,0.20896932145114988,-0.03205221780022052,0.1337129687764556,0.10166075097623509
6840.0,Marcos Llorente,Marcos Llorente Moreno,Real Madrid,2,31,38,0.029122535837814212,0.005595416441792622,0.034717952279606834,0.08454929759365416,0.016244757411656,0.10079405500531016
3236.0,Sergi Darder,Sergi Darder Moll,Málaga,1,84,89,0.09458991570211947,-0.0005644266493618488,0.09402548905275762,0.10134633825227087,-0.000604742838601981,0.10074159541366888
27522.0,Antolín Alcaraz,Antolín Alcáraz Viveros,Las Palmas,6,563,509,1.2271183317028918,-0.59775317896856,0.6293651527343318,0.19616456457062212,-0.09555557035021385,0.10060899422040828
5598.0,Óscar Duarte,Óscar Esau Duarte Gaitán,Espanyol,14,1250,933,1.2368242237716913,0.1481626262248028,1.3849868499964941,0.08905134411156178,0.010667709088185803,0.09971905319974758
6878.0,Miguel Torres,Miguel Torres Gómez,Málaga,23,2042,1572,2.314901937652845,-0.061432654911186546,2.2534692827416585,0.1020279992109481,-0.002707609667975901,0.09932038954297222
4788.0,Jesús Gámez,Jesús Gámez Duarte,Atlético Madrid,10,765,749,1.1114597115665674,-0.26921745142317377,0.8422422601433937,0.130759966066655,-0.031672641343902797,0.0990873247227522
6884.0,Sergio Álvarez,Sergio Álvarez Conde,Celta Vigo,31,2846,1671,2.1714448713464662,0.9537004802259617,3.125145351572428,0.0686683198950042,0.03015918595233189,0.09882750584733609
4498.0,Jean-Sylvain Babin,Jean-Sylvain Claude Babin,Granada,25,2343,1663,2.359432286088122,0.20518876242567785,2.5646210485138,0.09063120177035039,0.00788177064375203,0.09851297241410242
6869.0,Alejandro Arribas,Alejandro Arribas Garrido,RC Deportivo La Coruña,31,2840,2348,2.364024104841519,0.7440983839333057,3.108122488774825,0.07491625684356927,0.023580582589435743,0.09849683943300501
6828.0,Jaume Costa,Jaume Vicent Costa Jordá,Villarreal,18,1605,1583,2.5303407510218676,-0.7796113629010506,1.750729388120817,0.14188826641244118,-0.04371652502248882,0.09817174138995235
6599.0,Rubén Pérez,Rubén Salvador Pérez Del Mármol,Granada,31,2568,2905,3.0941085398497528,-0.2939120015653316,2.800196538284421,0.10843838340594927,-0.010300654260467229,0.09813772914548206
6784.0,Toño,Antonio García Aranda,Levante UD,27,2478,2701,3.605527278440073,-0.9344888719351729,2.6710384065049,0.13095135393850144,-0.03394027379909829,0.09701108013940316
11543.0,Chechu Dorado,José Antonio Dorado Ramírez,Rayo Vallecano,10,496,505,0.4413014068850316,0.08344111550832167,0.5247425223933533,0.0800748520557517,0.015140524991429335,0.09521537704718104
23848.0,Carlos Carmona,Carlos Carmona Bonet,Sporting Gijón,20,1243,1304,1.2828611438546795,0.025513090804452077,1.3083742346591316,0.0928861648808698,0.0018472873470641088,0.0947334522279339
6612.0,Rubén Duarte,Rubén Duarte Sánchez,Espanyol,22,1938,1690,2.351093590223929,-0.3165092920244206,2.0345842981995084,0.1091839128586964,-0.01469857393302263,0.09448533892567376
27305.0,Germán Lux,Germán Darío Lux,RC Deportivo La Coruña,29,2657,1701,2.69415416137781,0.08961977961007506,2.783773940987885,0.09125851506360666,0.003035671872377401,0.09429418693598407
19454.0,Ricardo Costa,Ricardo Miguel Moreira da Costa,Granada,14,1306,892,0.8435777120757848,0.5234793317795265,1.3670570438553113,0.05813322671272637,0.03607437967852786,0.09420760639125422
6625.0,Vicente Guaita,Vicente Guaita Panadero,Getafe,38,3555,1945,2.7257002510596067,0.955591112782713,3.6812913638423197,0.06900506964707866,0.024192180070448432,0.09319724971752709
6654.0,Antonio Adán,Antonio Adán Garrido,Real Betis,36,3346,1889,3.1146890436066315,0.3027437422424555,3.417432785849087,0.08377824683938936,0.008143137119492229,0.0919213839588816
6663.0,Antonio Barragán,Antonio Barragán Fernández,Valencia,24,1730,1929,1.950739227293525,-0.1843286320217885,1.7664105952717364,0.10148354361642614,-0.009589350798821368,0.09189419281760479
27122.0,Simão,Simão Mate,Levante UD,30,2246,2004,2.018399837219855,0.26869097573217005,2.287090812952025,0.08087977976393007,0.010766779971458282,0.09164655973538835
6706.0,Kiko Casilla,Francisco Casilla Cortés,Real Madrid,4,373,160,0.25270395196275786,0.1255874670459889,0.37829141900874674,0.06097414390522308,0.030302605989648793,0.09127674989487186
6381.0,Saúl Ñíguez,Saúl Ñíguez Esclapez,Atlético Madrid,31,2426,2503,2.6880207781796344,-0.23838495125528425,2.44963582692435,0.09972047404623541,-0.00884362968383165,0.09087684436240376
24508.0,Lillo Castellano,Manuel Castellano Castro,Eibar,10,580,615,0.6656180674035568,-0.08125170125276782,0.584366366150789,0.10328556218331053,-0.01260802260818811,0.09067753957512241
6934.0,Momo,Jerónimo Figueroa Cabrera,Las Palmas,23,1428,1896,1.4749497056887484,-0.03951124308514409,1.4354384626036043,0.09295901506441691,-0.0024902043961225265,0.09046881066829437
6679.0,Aritz Elustondo,Aritz Elustondo Irribaria,Real Sociedad,31,2687,2859,1.9198473910510074,0.7716747948434204,2.691522185894428,0.06430452742634561,0.02584694139780716,0.09015146882415279
6379.0,Sergi Roberto,Sergi Roberto Carnicer,Barcelona,31,1984,2686,1.5303923703322653,0.4490019579825457,1.979394328314811,0.0694230409928951,0.020368032368159837,0.08979107336105493
10609.0,Jérémy Mathieu,Jérémy Mathieu,Barcelona,21,1319,1623,0.9675468064087909,0.3410998541803565,1.3086466605891474,0.06601911491796147,0.023274440391381414,0.0892935553093429
7154.0,Sebastián Cristóforo,Sebastián Carlos Cristóforo Pepe,Sevilla,21,1497,1773,1.612283325598808,-0.13840334644191898,1.473879979156889,0.09693086125844537,-0.008320842471458055,0.08861001878698732
6751.0,Javi Fuego,Javier Fuego Martínez,Valencia,26,2125,2548,2.702514143718872,-0.6122598574438598,2.0902542862750124,0.11445942255750517,-0.02593100572703406,0.08852841683047112
6777.0,Sidnei,Sidnei Rechel da Silva Júnior,RC Deportivo La Coruña,33,3004,2664,1.972399502119515,0.9582252660184167,2.930624768137932,0.05909319413806803,0.028708480007209554,0.08780167414527759
6914.0,Tito,Roberto Román Triguero,Rayo Vallecano,29,2576,2408,3.4001170576924924,-0.8906595123989973,2.509457545293495,0.1187929096243495,-0.031117762467356275,0.08767514715699322
186264.0,Foued Kadir,Foued Kadir,Real Betis,8,489,647,0.4365545907735359,0.037124690890777856,0.4736792816643138,0.08034747069451581,0.0068327651946216905,0.08718023588913751
6038.0,John Guidetti,John Guidetti,Celta Vigo,35,1337,780,1.609645745224066,-0.32082218446885236,1.2888235607552136,0.10835311673161252,-0.021596108154223418,0.0867570085773891
6823.0,Sergio Rico,Sergio Rico González,Sevilla,34,3188,1748,2.350855206954293,0.7209091937402263,3.0717644006945193,0.06636667773710363,0.020351890663933617,0.08671856840103724
20215.0,Álvaro Arbeloa,Álvaro Arbeloa Coca,Real Madrid,6,277,319,0.29553803987801075,-0.028890092246001586,0.26664794763200916,0.09602318985206126,-0.009386672570903042,0.08663651728115822
6610.0,Pichu,Iván Cuéllar Sacristán,Sporting Gijón,32,2992,1686,2.841614218603354,-0.012560568808112293,2.8290536497952417,0.0854763635275073,-0.00037782459650070405,0.0850985389310066
26020.0,Ángel Lafita,Ángel Lafita Castillo,Getafe,14,1037,790,1.369856684585102,-0.3897747435839847,0.9800819410011172,0.1188882368492374,-0.03382808767845576,0.08506014917078163
7781.0,Felipe Caicedo,Felipe Salvador Caicedo Corozo,Espanyol,31,2256,1298,2.5577638268864042,-0.4283760633552447,2.1293877635311595,0.10203845054068103,-0.01708947061257625,0.08494897992810477
6400.0,Aleix Vidal,Aleix Vidal Parreu,Barcelona,9,562,874,0.5764155673095956,-0.048065673239761963,0.5283498940698337,0.09230854280758649,-0.007697349807079318,0.08461119300050718
8866.0,Carlos Fernández,Carlos Fernández Luna,Sevilla,1,30,16,0.035919660702347755,-0.0077819532016292214,0.028137707500718534,0.10775898210704327,-0.023345859604887664,0.0844131225021556
12021.0,Óliver Torres,Óliver Torres Muñoz,Atlético Madrid,21,860,1106,0.7305943301729858,0.07467973566963337,0.8052740658426192,0.07645754618089386,0.007815321174729075,0.08427286735562294
20055.0,Marc-André ter Stegen,Marc-André ter Stegen,Barcelona,7,562,324,0.33265186625067145,0.19000992027577013,0.5226617865264416,0.05327165117893315,0.030428634919607313,0.08370028609854047
6727.0,Raúl Albentosa,Raúl Albentosa Redal,Málaga,29,2666,2082,2.60238137235865,-0.14617395924869925,2.4562074131099507,0.08785233440070461,-0.004934604775837559,0.08291772962486706
6557.0,Adrián González,Adrián González Morales,Eibar,32,2293,2025,2.233718789301813,-0.14363710110774264,2.0900816881940703,0.08767321894337687,-0.005637740558088459,0.08203547838528841
6745.0,Mehdi Lacen,Mehdi Lacen,Getafe,31,2761,2929,2.4033786028965842,0.10421821021009237,2.5075968131066766,0.07834265637837472,0.003397189032563677,0.0817398454109384
6913.0,Fernando Navarro,Fernando Navarro i Corbacho,RC Deportivo La Coruña,35,3059,3068,4.133912072487874,-1.3559140776924323,2.7779979947954416,0.1216253960522748,-0.03989286269771785,0.08173253335455696
20063.0,Javi Ontiveros,Javier Ontiveros Parra,Málaga,4,72,104,0.06702215556288138,-0.0022609557781834155,0.06476119978469796,0.08377769445360173,-0.0028261947227292694,0.08095149973087246
27184.0,Marcos Angeleri,Marcos Alberto Angeleri,Málaga,13,1158,788,0.975800572661683,0.05988794329459779,1.0356885159562808,0.07583942274572665,0.004654503364865113,0.08049392611059178
8440.0,Aythami Artiles,Aythami Artiles Oliva,Las Palmas,31,2745,3165,1.5461924195406027,0.90642015679623,2.4526125763368327,0.05069483342756074,0.029718693665450165,0.0804135270930109
11539.0,Adri Embarba,Adrián Embarba Blázquez,Rayo Vallecano,28,1906,1870,1.9370702894059941,-0.23414909877465107,1.702921190631343,0.09146711754802701,-0.011056358284217522,0.08041075926380947
26103.0,Carlos Kameni,Idriss Carlos Kameni,Málaga,28,2568,1309,1.9458828089991584,0.33858811942627653,2.284470928425435,0.0681968274181948,0.011866406054659225,0.08006323347285403
5741.0,Enzo Pérez,Enzo Nicolás Pérez,Valencia,20,1287,1483,1.442347488773521,-0.2975092008127831,1.144838287960738,0.10086346075339309,-0.02080483921767714,0.08005862153571594
6647.0,Zouhair Feddal,Zouhair Feddal,Levante UD,28,2623,2277,2.76515700793243,-0.44447739626048133,2.320679611671949,0.09487767087835254,-0.015250844705849531,0.07962682617250301
23943.0,Rubén García,Rubén García Santos,Levante UD,22,1083,1093,1.223942365845898,-0.28140216536121443,0.9425402004846838,0.10171266198165357,-0.023385221498161864,0.07832744048349173
6357.0,Jonathan dos Santos,Jonathan dos Santos Ramírez,Villarreal,26,1818,2045,0.9923260707056616,0.5867413436062634,1.579067414311925,0.049125053005230776,0.029046601168626902,0.07817165417385767
5577.0,Guillermo Ochoa,Francisco Guillermo Ochoa Magaña,Málaga,11,997,479,0.6896557658910751,0.17405850777868181,0.863714273669757,0.06225578628906395,0.015712402908807786,0.07796818919787174
18925.0,Nacho Cases,Ignacio Cases Mora,Sporting Gijón,24,2044,1979,1.376903678245144,0.3869057501142379,1.763809428359382,0.060626874286723566,0.017035967470783467,0.07766284175750703
6713.0,Diego Llorente,Diego Javier Llorente Ríos,Rayo Vallecano,33,2985,3049,3.6089223604358267,-1.040297694853507,2.5686246655823197,0.10881172946037669,-0.03136575964382433,0.07744596981655236
5211.0,Jordi Alba,Jordi Alba Ramos,Barcelona,31,2672,4334,3.1017576407757588,-0.804950140620349,2.29680750015541,0.10447536963690804,-0.027112841562811157,0.0773625280740969
27462.0,Xabi Irureta,Xabier Iruretagoiena Aranzamendi,Eibar,4,375,189,0.37648952391464263,-0.05479858088074252,0.3216909430339001,0.09035748573951423,-0.013151659411378204,0.07720582632813602
26780.0,Guilherme Siqueira,Guilherme Magdalena Siqueira,Valencia,15,1231,1378,1.2153185436553322,-0.15932568680727854,1.0559928568480537,0.08885350847195767,-0.0116485067527661,0.07720500171919158
17622.0,Jackson Martínez,Jackson Arley Martínez Valencia,Atlético Madrid,15,688,515,0.8064579034107737,-0.22143835364840925,0.5850195497623645,0.10549594666710703,-0.028967226494704696,0.07652872017240234
23416.0,Stefan Šćepović,Stefan Šćepović,Getafe,34,1915,1083,2.065055299375672,-0.44077379719237797,1.624281502183294,0.09705220728136317,-0.020715217622618284,0.07633698965874489
27240.0,Jesús Fernández,Jesús Fernández Collado,Granada,1,96,64,0.16454592550871894,-0.08342683594673872,0.08111908956198022,0.154261805164424,-0.07821265870006755,0.07604914646435645
23974.0,Rober Correa,Roberto Antonio Correa Silva,Espanyol,7,487,532,0.5823785481625237,-0.17222245392622426,0.4101560942362994,0.10762642573845407,-0.03182755822045212,0.07579886751800194
4691.0,Claudio Bravo,Claudio Andrés Bravo Muñoz,Barcelona,32,2972,1781,1.855584497912787,0.6417660021688789,2.497350500081666,0.05619199354379233,0.019434367495019887,0.07562636103881222
6738.0,Juanfran,Juan Francisco Moreno Fuertes,RC Deportivo La Coruña,35,2769,3006,2.5399194868772756,-0.21566128320409916,2.3242582036731765,0.08255426284541524,-0.007009575835452845,0.0755446870099624
27526.0,Rachid Aït-Atmane,Rachid Aït-Atmane,Sporting Gijón,18,1115,1095,0.8845358978137374,0.04891484882682562,0.933450746640563,0.07139751641545862,0.003948283761806552,0.07534580017726518
6929.0,Vicente Gómez,José Vicente Gómez Umpiérrez,Las Palmas,21,1520,2102,1.587815957260318,-0.3406383630062919,1.2471775942540262,0.09401541852199252,-0.020169376756951494,0.07384604176504102
5484.0,Lucas Hernandez,Lucas Hernández Pi,Atlético Madrid,10,871,629,0.721395471948199,-0.011370912368874997,0.710024559579324,0.07454143797398152,-0.0011749507614222156,0.07336648721255931
26448.0,Javier Garrido,Javier Garrido Behovide,Las Palmas,18,1632,1837,1.5951124688112177,-0.2660436254518572,1.3290688433593605,0.08796576114767746,-0.014671523462418595,0.07329423768525885
6932.0,Dani Castellano,Dani Castellano Betancor,Las Palmas,27,2334,2827,1.6577905672537163,0.23426062474027276,1.892051191993989,0.0639250861408888,0.009033186043969386,0.07295827218485819
18404.0,José Crespo,José Ángel Crespo Rincón,Rayo Vallecano,9,737,832,0.5321025352168363,0.05778556611039676,0.589888101327233,0.06497859995863672,0.0070565820216224,0.07203518198025913
6626.0,Mubarak Wakaso,Mubarak Wakaso,Las Palmas,20,978,1180,1.3270191320236773,-0.5469217103091069,0.7800974217145704,0.12211832503285375,-0.05033021874010185,0.07178810629275188
75537.0,David Goldar,David Goldar Gómez,Celta Vigo,1,93,58,0.027294225757941604,0.046506380022037774,0.07380060577997938,0.02641376686252413,0.045006174214875266,0.0714199410773994
15893.0,Víctor Rodríguez,Víctor Rodríguez Romero,Getafe,33,2379,2435,1.8128750276258216,0.06742483418202028,1.880299861807842,0.06858291403376374,0.002550750347365206,0.07113366438112895
18724.0,Sofiane Feghouli,Sofiane Feghouli,Valencia,21,1325,1283,1.0163646732396447,0.022686068987241015,1.0390507422268858,0.06903609101250417,0.0015409405349824084,0.07057703154748658
5678.0,Jefferson Lerma,Jefferson Andrés Lerma Solís,Levante UD,33,2781,2504,2.132629953337368,0.034031799747026525,2.1666617530843943,0.06901715059344232,0.0011013527426222177,0.07011850333606455
3023.0,Yuri Berchiche,Yuri Berchiche Izeta,Real Sociedad,21,1913,2304,2.6422202301004436,-1.1522040294948965,1.490016200605547,0.12430727689965494,-0.05420719427837986,0.07010008262127508
3379.0,Alphonse Areola,Alphonse Areola,Villarreal,32,3008,1425,2.3134838474798016,0.02523031912278384,2.3387141666025855,0.06921992894720151,0.0007548965163066974,0.06997482546350821
6566.0,Borja Bastón,Borja González Tomás,Eibar,36,2661,1492,2.704418896208223,-0.640260499480064,2.064158396728159,0.09146850832722288,-0.02165480832514309,0.06981370000207979
6837.0,Mauro dos Santos,Mauro Javier Dos Santos,Eibar,31,2792,1932,1.7050120084022637,0.41553227775148116,2.120544286153745,0.05496098880952856,0.013394665113765511,0.06835565392329407
220761.0,Miguel Muñoz,Miguel Ángel Muñoz Alonso,Getafe,3,204,184,0.14696348703000695,0.007909660751465708,0.15487314778147265,0.06483683251323837,0.00348955621388193,0.0683263887271203
6378.0,Jan Oblak,Jan Oblak,Atlético Madrid,38,3557,1275,2.364824829099234,0.3331742480804678,2.697999077179702,0.059835320387666875,0.008430048447355103,0.06826536883502199
6898.0,Jaume Doménech,Jaume Doménech Sánchez,Valencia,17,1591,829,1.3935294030816294,-0.19308750564232469,1.2004418974393047,0.07882944454892939,-0.010922611884229555,0.06790683266469982
27148.0,Abraham González,Abraham González Casanova,Espanyol,20,1154,1059,0.9074553291718476,-0.03727906494168565,0.8701762642301619,0.07077207939815101,-0.0029073794148628323,0.06786469998328819
6804.0,Sergi Gómez,Sergi Gómez Solà,Celta Vigo,31,2735,3093,2.0192642563488334,0.03937503567431122,2.0586392920231447,0.06644745267692688,0.0012957050130486326,0.06774315768997552
7906.0,David Simón,David Simón Rodríguez Santana,Las Palmas,27,2358,2724,1.8632598973570857,-0.11241149986744858,1.7508483974896372,0.0711167899754613,-0.004290515262116358,0.06682627471334493
10476.0,Kolo,Timothée Kolodziejczak,Sevilla,29,2482,2453,1.621983717312105,0.19938292817096226,1.8213666454830673,0.05881488096619236,0.0072298402640558436,0.06604472123024821
6665.0,Íñigo Martínez,Íñigo Martínez Berridi,Real Sociedad,30,2807,2905,3.4691110335988924,-1.4127097874879837,2.0564012461109087,0.11122906769643759,-0.045295290656900085,0.06593377703953751
11298.0,Nacho Martínez,José Ignacio Martínez García,Rayo Vallecano,22,1758,2017,1.8324133527607191,-0.5597214893205091,1.27269186344021,0.09380955730856924,-0.028654683753609685,0.06515487355495955
24162.0,Xavi Torres,Xavier Torres Buigues,Real Betis,12,670,613,0.52572858685744,-0.04134834205615334,0.4843802448012866,0.07062025793607403,-0.005554254903065374,0.06506600303300865
24783.0,Javi Márquez,Javier Márquez Moreno,Granada,19,1367,1241,1.484858202948235,-0.4979066736996174,0.9869515292486176,0.09775950129139806,-0.03278098071175243,0.06497852057964563
7158.0,Cristiano Biraghi,Cristiano Biraghi,Granada,32,2936,2517,3.504060034323018,-1.3850271994597279,2.1190328348632903,0.10741328443088272,-0.04245655584174915,0.06495672858913357
6764.0,Pablo Fornals,Pablo Fornals Malla,Málaga,27,1365,1577,0.8080660757161677,0.1705965225410182,0.9786625982571859,0.053279081915351724,0.01124812236534186,0.06452720428069358
24255.0,Juan Carlos,Juan Carlos Martín Corral,Rayo Vallecano,21,1883,1304,1.5139282498857938,-0.18259898689575493,1.3313292629900388,0.0723598207592785,-0.008727513978023337,0.06363230678125517
6391.0,Raúl García,Raúl García Escudero,Athletic Club,31,2466,2255,2.0919290986461565,-0.4074605165515095,1.684468582094647,0.07634777732285243,-0.0148708217719529,0.06147695555089953
3324.0,Eric Bailly,Eric Bertrand Bailly,Villarreal,25,2091,1769,1.308836995944148,0.11885557911591604,1.427692575060064,0.056334447458141236,0.0051157351125932305,0.06145018257073446
6622.0,Tomás Pina,Tomás Pina Isla,Villarreal,27,1709,1562,0.8022683821876999,0.3595346646325197,1.1618030468202196,0.042249358921528965,0.01893394957105136,0.061183308492580316
26723.0,Álvaro Cejudo,Álvaro Cejudo Carmona,Real Betis,30,1940,1923,1.5945724841530902,-0.2904387768940069,1.304133707259083,0.07397501215143203,-0.013473963876526093,0.06050104827490592
5202.0,Nacho,José Ignacio Fernández Iglesias,Real Madrid,16,1210,1155,0.8736942816758528,-0.06665096964570694,0.8070433120301459,0.0649855250833279,-0.004957510138936879,0.060028014944391014
26736.0,Borja Ekiza,Borja Ekiza Imaz,Eibar,4,200,172,0.22856006037909538,-0.09802799703902565,0.13053206334006973,0.10285202717059293,-0.044112598667561544,0.058739428503031384
26070.0,Toño,Antonio Rodríguez Martínez,Rayo Vallecano,10,831,581,0.6696098009091802,-0.12756752769928426,0.542042273209896,0.07252091706597619,-0.013815977729164361,0.05870493933681183
6794.0,Gustavo Cabral,Gustavo Daniel Cabral Cáceres,Celta Vigo,31,2785,3619,2.10229740611976,-0.316354509384837,1.7859428967349231,0.06793779768430104,-0.010223305509743385,0.057714492174557666
5259.0,José Giménez,José María Giménez de Vargas,Atlético Madrid,27,2520,1785,1.9388764202303719,-0.3319285252073314,1.6069478950230405,0.069245586436799,-0.011854590185976122,0.057390996250822876
26781.0,Diego Maínz,Diego Mainz García,Granada,5,422,255,0.051631380105391145,0.21256899746367708,0.2642003775690682,0.011011431776031286,0.04533462031215862,0.0563460520881899
8697.0,Andrés Fernández,Andrés Eduardo Fernández Moreno,Granada,37,3478,1874,2.699465105019044,-0.5708833220414817,2.1285817829775624,0.06985389863476538,-0.014772713911366692,0.05508118472339868
6766.0,Gerard Moreno,Gerard Moreno Balaguero,Espanyol,32,2057,1745,1.7691637358206584,-0.5137897637032438,1.2553739721174146,0.07740628887888151,-0.022479863263632445,0.05492642561524906
13552.0,Borja Fernández,Borja Fernández Fernández,Celta Vigo,4,148,122,0.02445946534862742,0.06520572371664457,0.08966518906527199,0.014873999198489647,0.03965212928714872,0.05452612848563837
26801.0,Jordi Figueras,Jordi Figueras Montel,Real Betis,3,173,138,0.07104859850369394,0.033150925766676664,0.1041995242703706,0.0369616986435402,0.017246146352606358,0.05420784499614655
24577.0,Salva Ruiz,Salvador Ruiz Rodríguez,Granada,2,79,80,0.06891279737465084,-0.021599625033559278,0.04731317234109156,0.07850825017365286,-0.024607167759751077,0.05390108241390178
8167.0,Sergio Araujo,Sergio Ezequiel Araújo,Las Palmas,30,1902,1371,1.5359301544667687,-0.4008344723843038,1.135095682082465,0.07267808301893228,-0.01896693086991974,0.05371115214901254
6758.0,Víctor Sánchez,Víctor Sánchez Mata,Espanyol,29,2372,2269,1.5696767589347438,-0.16188535268884152,1.4077914062459023,0.05955771850932839,-0.006142361611296685,0.0534153568980317
27154.0,Nikolaos Karabelas,Nikolaos Karabelas,Levante UD,1,93,109,0.08531069551827386,-0.030315212323330343,0.05499548319494352,0.08255873759832955,-0.0293373022483842,0.05322143534994534
6778.0,Iván Ramis,Iván Ramis Barrios,Eibar,23,1859,1449,2.16368028416764,-1.077471483615227,1.0862088005524129,0.10475052478487767,-0.052163761982447786,0.05258676280242988
6608.0,Nabil El Zhar,Nabil El Zhar,Las Palmas,30,1770,1564,1.0083659407093657,0.019995286944322288,1.028361227653688,0.0512728444428491,0.0010167095056435062,0.05228955394849261
24453.0,Josip Radošević,Josip Radošević,Eibar,8,419,398,0.3559933959040791,-0.11457178587443195,0.24142161002964713,0.07646636188870434,-0.024609691476608297,0.05185667041209604
26753.0,Javi Varas,Javier Varas Herrera,Las Palmas,31,2816,2073,2.1432305742637254,-0.5327772925957106,1.6104532816680148,0.06849813625132645,-0.017027683357107228,0.05147045289421922
26669.0,Weligton,Weligton Róbson Pena de Oliveira,Málaga,30,2710,2309,2.257555326272268,-0.7133008186938241,1.5442545075784437,0.07497416212712328,-0.02368895707839268,0.0512852050487306
25984.0,Ángel López,Ángel Domingo López Ruano,Las Palmas,3,46,53,0.030746926029678434,-0.004793475673068315,0.02595345035661012,0.060157029188501285,-0.009378539360351051,0.05077848982815023
6775.0,Dani García,Daniel García Carrillo,Eibar,35,3163,3398,2.324412542671876,-0.5461050086887553,1.7783075339831207,0.06613883301943371,-0.015538871571921587,0.05059996144751212
7170.0,Simone Verdi,Simone Verdi,Eibar,9,313,234,0.23156043001404034,-0.055822108493885025,0.1757383215201553,0.06658287125004354,-0.01605108550942381,0.050531785740619735
6788.0,Xabier Etxeita,Xabier Etxeita Gorritxategi,Athletic Club,30,2581,2335,1.2641675558988936,0.17868681548861787,1.4428543713875115,0.044081782266912214,0.006230845948847582,0.0503126282157598
6762.0,Álvaro González,Álvaro González Soberón,Espanyol,36,3360,2953,2.3639408798189834,-0.5048048413591459,1.8591360384598374,0.06331984499515134,-0.01352155825069141,0.049798286744459935
16622.0,Mikel González,Mikel González de Martín Martínez,Real Sociedad,19,1606,1193,1.0894696741597727,-0.2050374302198179,0.8844322439399548,0.06105371772999972,-0.011490266948806732,0.04956345078119298
24070.0,Saúl Berjón,Saúl Berjón Pérez,Eibar,29,1458,1463,1.296455768744845,-0.49934925889829174,0.7971065098465534,0.08002813387313859,-0.030824028327055046,0.049204105546083544
5671.0,Alfred N'Diaye,Alfred John Momar N''Diaye,Real Betis,34,3125,2591,1.2844537857163232,0.41274166241055354,1.6971954481268767,0.036992269028630106,0.011886959877423942,0.04887922890605405
6707.0,Charles,Charles Días Barbosa de Oliveira,Málaga,35,3119,1901,2.281375672466334,-0.6547324467392173,1.6266432257271166,0.06583001299197501,-0.01889256819702775,0.046937444794947256
5588.0,Antonio Rukavina,Antonio Rukavina,Villarreal,18,1414,1193,0.9281270237697754,-0.19934146056766622,0.7287855632021092,0.059074563040509044,-0.012687928890445515,0.046386634150063534
3292.0,Abdoulaye Doucouré,Abdoulaye Doucouré,Granada,15,1217,1202,0.354790132958442,0.25307214280474,0.607862275763182,0.026237561188381085,0.018715277610868202,0.04495283879924928
6907.0,Pedro León,Pedro León Sánchez Gil,Getafe,31,1890,1822,1.7404112551337836,-0.8030740461836103,0.9373372089501733,0.08287672643494207,-0.03824162124683859,0.044635105188103485
6602.0,Miguel Ángel Guerrero,Miguel Ángel Guerrero Martín,Sporting Gijón,23,1129,686,0.7178703704848886,-0.15890669569489546,0.5589636747899931,0.0572261588517626,-0.012667495670983695,0.0445586631807789
26012.0,David Navarro,David Navarro Pedrós,Levante UD,20,1744,1326,0.7682216727989726,0.08523369691101834,0.8534553697099909,0.03964446705958,0.004398527936921818,0.04404299499650182
5597.0,Keylor Navas,Keylor Navas Gamboa,Real Madrid,34,3171,1525,1.9788931242655963,-0.45107179853948765,1.5278213257261086,0.056165367765343324,-0.012802416231016678,0.04336295153432664
6674.0,Alberto de la Bella,Alberto De La Bella Madureño,Real Sociedad,15,1291,1453,1.4212024462176487,-0.8008644843939692,0.6203379618236795,0.0990768552746618,-0.055830986518557106,0.043245868756104686
23972.0,José Matos,José Joaquín Matos García,Sevilla,1,95,103,0.008070500625763088,0.03742016380419955,0.045490664429962635,0.007645737434933452,0.03545068149871536,0.04309641893364881
6694.0,Gero Rulli,Gerónimo Rulli,Real Sociedad,36,3311,2126,3.0819580335519277,-1.4981255443999544,1.5838324891519733,0.08377415373593279,-0.04072222863062395,0.04305192510530885
4406.0,Aymen Abdennour,Aymen Abdennour,Valencia,22,1930,1813,0.9023070260267705,0.014759325393242761,0.9170663514200132,0.04207649344166287,0.000688258697094222,0.0427647521387571
26607.0,Raúl Baena,José Raúl Baena Urdiales,Rayo Vallecano,24,1902,1749,1.252150301527232,-0.35221245262073353,0.8999378489064984,0.059250014267850086,-0.01666620438268455,0.04258380988516554
6592.0,Rúben Vezo,Rúben Miguel Nunes Vezo,Valencia,15,1140,1018,0.8149566833453719,-0.2795965284167323,0.5353601549286395,0.0643386855272662,-0.02207341013816308,0.04226527538910312
16456.0,Enzo Roco,Enzo Pablo Roco Roco,Espanyol,33,2590,2019,2.549093445093604,-1.3382963477633893,1.2107970973302145,0.08857853670209434,-0.046504506292936315,0.04207403040915803
26689.0,Nauzet Alemán,Nauzet Alemán Viera,Las Palmas,10,278,296,0.14013857422256842,-0.010640826163580641,0.12949774805898778,0.04536860316557971,-0.0034448717795764663,0.04192373138600324
6600.0,Claudio Beauvue,Claudio Beauvue,Celta Vigo,10,529,343,0.40771727747051045,-0.16711739214952104,0.24059988532098942,0.06936588841653296,-0.028432070498028154,0.04093381791850481
20542.0,Álvaro Negredo,Álvaro Negredo Sánchez,Valencia,25,1225,767,1.1333054894930683,-0.5784264940302819,0.5548789954627864,0.08326326045255196,-0.042496640377735,0.04076662007481696
27318.0,Douglas Pereira,Douglas Pereira dos Santos,Barcelona,1,15,8,0.005376879358664155,0.0013570977316703647,0.00673397709033452,0.03226127615198493,0.008142586390022188,0.04040386254200712
27111.0,Beto,António Alberto Bastos Pimparel,Sevilla,4,372,202,0.27370203530881554,-0.10865224525332451,0.16504979005549103,0.06621823434890699,-0.02628683352903012,0.03993140081987686
8584.0,Jonathas,Jonathas Cristian de Jesus,Real Sociedad,27,1680,1031,1.2784750925493427,-0.545447319833329,0.7330277727160137,0.06848973710085764,-0.02922039213392834,0.039269344966929305
27403.0,Santiago Vergini,Santiago Vergini,Getafe,26,2293,1914,0.5984935158630833,0.39694217639043927,0.9954356922535226,0.023490805245389226,0.01557993714572156,0.03907074239111079
6376.0,Stefan Savić,Stefan Savić,Atlético Madrid,12,977,744,0.08852776134153828,0.32777215365786105,0.41629991499939933,0.00815506501610895,0.03019395478936284,0.03834901980547179
6825.0,Daniel Carriço,Daniel Filipe Martins Carriço,Sevilla,14,1104,998,1.0842736543272622,-0.6139905031595845,0.4702831511676777,0.0883918739940703,-0.050053573627140045,0.03833830036693025
27241.0,Víctor Álvarez,Víctor Guillermo Álvarez Delgado,Espanyol,27,2015,1687,1.2385281294214074,-0.44110070800525136,0.7974274214161561,0.055318874266961124,-0.01970176859576805,0.035617105671193076
6655.0,Fabián Ruiz,Fabián Ruiz Peña,Real Betis,12,456,509,0.22915332298725843,-0.05427243243320845,0.17488089055404998,0.0452276295369589,-0.010711664296027984,0.03451596524093092
6856.0,Carlos Vigaray,Carlos Martín Vigaray,Getafe,14,1236,1037,1.9137924305396155,-1.4479718126240186,0.4658206179155968,0.139353817757739,-0.1054348407250499,0.03391897703268909
6672.0,Coke,Jorge Andújar Moreno,Sevilla,21,1804,1730,1.1400609990749508,-0.49374902332783677,0.6463119757471141,0.05687665738178801,-0.024632711806821125,0.03224394557496689
9462.0,Jota Peleteiro,José Ignacio Peleteiro Ramallo,Eibar,13,726,680,0.3583385186400264,-0.11870369003736414,0.2396348286026623,0.044422130409920636,-0.014715333475706298,0.029706796934214335
27155.0,Bojan Jokić,Bojan Jokić,Villarreal,2,128,127,0.19853976694867015,-0.15679843572434038,0.04174133122432977,0.1395982736357837,-0.11024890011867683,0.02934937351710687
3160.0,Rene Krhin,Rene Krhin,Granada,24,1509,1086,0.26303299618302844,0.2290200104471296,0.49205300663015805,0.0156878526550514,0.013659245155892421,0.02934709781094382
23930.0,Ikechukwu Uche,Ikechukwu Uche,Málaga,3,87,65,0.034093862981535494,-0.006474189460277557,0.027619673521257937,0.03526951342917465,-0.006697437372700921,0.028572076056473727
6872.0,Bruno González,Bruno González Cabrera,Real Betis,32,2929,2290,0.07281613134546205,0.8536073756986298,0.9264235070440918,0.002237436606722972,0.026228973647277803,0.028466410254000773
31469.0,Sito,Andrés Pascual Santoja,Valencia,1,57,22,0.001923764357343316,0.015729915001429617,0.017653679358772933,0.0030375226694894465,0.02483670789699413,0.02787423056648358
7692.0,Mauricio Lemos,Mauricio Lemos Merladet,Las Palmas,10,767,739,0.4148691445880104,-0.19687917921692133,0.21798996537108906,0.04868086442362573,-0.02310185936052532,0.02557900506310041
6730.0,Rubén Martínez,Rubén Iván Martínez Andrade,Levante UD,15,1407,652,0.9715204166132025,-0.5784337147633778,0.39308670184982475,0.06214416310958652,-0.03700002439851031,0.025144138711076208
6834.0,Gerard Gumbau,Gerard Gumbau Garriga,Barcelona,3,51,41,0.034277510130777955,-0.020260362623957917,0.014017147506820038,0.060489723760196394,-0.03575358110110221,0.024736142659094185
8419.0,Duje Čop,Duje Čop,Málaga,31,2095,1528,1.0497365415522157,-0.4790476349298842,0.5706889066223316,0.04509608054400927,-0.020579612001761137,0.024516468542248135
27340.0,Dejan Dražić,Dejan Dražić,Celta Vigo,6,118,66,-0.04619872150942683,0.0782787874341011,0.03208006592467427,-0.03523631301566453,0.05970415990736525,0.024467846891700718
25144.0,Diego Alves,Diego Alves Carreira,Valencia,13,1219,636,0.888628525310196,-0.5593152701039799,0.3293132552062161,0.06560834067097426,-0.041294810754190475,0.0243135299167838
27463.0,Mauricio Cuero,Mauricio Andrés Cuero Castillo,Levante UD,13,515,407,0.20460686148074456,-0.06785582457087003,0.13675103690987453,0.035756538899547594,-0.011858299439569519,0.023898239459978075
7904.0,Javi Castellano,Javi Castellano Betancor,Las Palmas,1,94,85,0.025286123505793512,-0.000677643227390945,0.024608480278402567,0.02421011825022783,-0.000648807345374309,0.02356131090485352
8818.0,Jorge Meré,Jorge Meré Pérez,Sporting Gijón,25,2255,1625,0.1424998642760329,0.44571345977601595,0.5882133240520488,0.005687356002147654,0.017789007263787775,0.02347636326593543
23936.0,Antonio Cotán,Antonio Jesús Cotán Pérez,Sevilla,1,95,107,0.02824546053307131,-0.0044133155315648764,0.023832145001506433,0.026758857347120187,-0.004181035766745672,0.022577821580374517
34728.0,Diego Alende,Diego Alende López,Celta Vigo,1,44,15,0.01273574260994792,-0.0018205057713203132,0.010915236838627607,0.02605038261125711,-0.0037237618049733683,0.022326620806283743
27144.0,Antonio Amaya,Antonio Amaya Carazo,Rayo Vallecano,17,1085,1006,1.2120127800735645,-0.9635383085114881,0.24847447156207636,0.10053562231024958,-0.07992483665072252,0.02061078565952707
5485.0,Raphaël Varane,Raphaël Varane,Real Madrid,26,2265,2483,0.867709462705534,-0.36435307667125016,0.5033563860342838,0.03447852169690863,-0.014477605695546365,0.02000091600136227
6573.0,Bernardo Espinosa,Bernardo José Espinosa Zúñiga,Sporting Gijón,16,1389,1130,1.1454021239769645,-0.8423642448324244,0.30303787914454006,0.07421612034407978,-0.05458083659821325,0.019635283745866528
6829.0,Samu Castillejo,Samuel Castillejo Azuaga,Villarreal,28,1770,1734,0.5352227268859278,-0.21225865959422663,0.3229640672917012,0.027214714926403108,-0.010792813199706439,0.01642190172669667
25881.0,Juan Rodríguez,Juan Antonio Rodríguez Villamuela,Getafe,32,2592,2257,0.6131417952128686,-0.17251211061375216,0.44062968459911644,0.021289645667113492,-0.005990003840755283,0.01529964182635821
24686.0,Roberto Canella,Roberto Canella Suárez,Sporting Gijón,9,734,632,0.6254634272772819,-0.506473189801909,0.11899023747537285,0.07669170089230977,-0.06210161727816323,0.014590083614146534
4741.0,Juan Rafael Fuentes,Juan Rafael Fuentes Hernández,Espanyol,10,783,650,0.4671700577309821,-0.3520578853203915,0.11511217241059057,0.05369770778517036,-0.040466423600045,0.013231284185125352
31904.0,Giedrius Arlauskis,Giedrius Arlauskis,Espanyol,3,231,123,0.10075845790561289,-0.06772008474217728,0.03303837316343561,0.03925654204114788,-0.026384448600848293,0.012872093440299588
6873.0,Francisco Portillo,Francisco Portillo Soler,Real Betis,19,1015,1259,0.1659815450385213,-0.025413706694962457,0.14056783834355885,0.014717575422134893,-0.0022534321207355874,0.012464143301399309
26087.0,Carlos Gurpegi,Carlos Gurpegi Nausia,Athletic Club,15,1196,1038,0.6061277820845135,-0.4434807508951053,0.16264703118940815,0.04561162239766405,-0.0333722973081601,0.012239325089503957
3253.0,Adil Rami,Adil Rami,Sevilla,28,2513,2109,0.2892828302541748,0.05236153867735993,0.3416443689315347,0.010360308286062766,0.0018752640194836425,0.012235572305546408
27342.0,Josep Señé,Josep Señé Escudero,Celta Vigo,9,413,291,0.0820535515085794,-0.028017765085678548,0.054035786422900856,0.01788091921494466,-0.00610556624143116,0.011775352973513504
6633.0,Markel Bergara,Markel Bergara Larrañaga,Real Sociedad,20,1398,1188,0.7672723757568747,-0.5972621499677189,0.1700102257891558,0.049395217323403955,-0.03845035300221366,0.010944864321190288
18398.0,Omar Mascarell,Omar Mascarell González,Sporting Gijón,26,1854,1692,0.9716548931088764,-0.7520415168255568,0.21961337628331967,0.04716771325771245,-0.03650686974881344,0.010660843508899013
26107.0,Alberto Lopo,Alberto Lopo García,RC Deportivo La Coruña,10,774,692,0.2650276313070208,-0.1857219873345457,0.07930564397247508,0.03081716643104893,-0.021595579922621594,0.009221586508427335
25921.0,Cani,Rubén Gracia Calmache,RC Deportivo La Coruña,18,907,945,0.2940184113974683,-0.20552216575015336,0.08849624564731494,0.029174925055978112,-0.020393599688548845,0.008781325367429265
25134.0,Deyverson,Deyverson Brum Silva Acosta,Levante UD,33,2242,1478,1.2083258403581567,-0.9975468147022184,0.2107790256559383,0.0485054976058136,-0.040044252151293334,0.008461245454520271
24318.0,Alberto Guitián,Alberto Guitián Ceballos,Sporting Gijón,1,95,55,0.05169673671480268,-0.04279789177235216,0.008898844942450523,0.04897585583507622,-0.04054537115275468,0.008430484682321548
5718.0,Rodrigo,Rodrigo Moreno Machado,Valencia,25,1434,1234,0.37403004310885446,-0.24004254239844158,0.13398750071041288,0.023474688898045257,-0.015065431531282945,0.008409257366762315
21229.0,Sergi Samper,Sergi Samper Montaña,Barcelona,1,32,50,0.0018768307054415345,0.001059987727785483,0.0029368184332270175,0.005278586359054316,0.002981215484396671,0.008259801843450987
6702.0,David Lombán,David Rodríguez Lombán,Granada,31,2747,1904,0.374936829903163,-0.12537861094460823,0.2495582189585548,0.01228406068121029,-0.0041077812104167236,0.008176279470793569
16332.0,Ognjen Vranješ,Ognjen Vranješ,Sporting Gijón,11,947,765,0.8848758902167901,-0.8043231282499619,0.08055276196682826,0.08409591353697056,-0.07644042401530789,0.007655489521662665
7948.0,Marco Andreolli,Marco Andreolli,Sevilla,7,572,377,0.022239689948037267,0.02325840014964342,0.04549809009768069,0.0034992519149009685,0.0036595384850837552,0.007158790399984724
11212.0,Fábio Espinho,Fábio Ricardo Gomes Fonseca,Málaga,2,95,113,0.055471177445724607,-0.04908255330519751,0.006388624140527099,0.05255164179068647,-0.04649926102597658,0.006052380764709884
26764.0,Jon Ansotegi Gorostola,Jon Ansotegi Gorostola,Eibar,8,567,343,-0.04616175754927099,0.06137455438147299,0.015212796832202002,-0.007327263103058887,0.009741992758963968,0.00241472965590508
24711.0,David Carmona,David Carmona Sierra,Sevilla,1,95,87,-0.015453907195478678,0.01726446853717789,0.0018105613416992128,-0.014640543658874535,0.016355812298379055,0.0017152686395045175
5249.0,Diego Godín,Diego Roberto Godín Leal,Atlético Madrid,31,2750,2356,0.16656901923124678,-0.12596009735716507,0.040608921874081716,0.00545134972029535,-0.004122330458961766,0.0013290192613335833
4418.0,Dória,Matheus Dória Macedo,Granada,8,642,351,-0.04731066769454628,0.0536616665776819,0.006350998883135617,-0.006632336592693404,0.007522663538927369,0.0008903269462339649
3637.0,Grzegorz Krychowiak,Grzegorz Krychowiak,Sevilla,26,2362,2567,0.016577729023993015,-0.02504391479305923,-0.008466185769066215,0.0006316662202198863,-0.0009542558557897251,-0.0003225896355698388
23761.0,Lass Bangoura,Alhassane Bangoura,Rayo Vallecano,16,842,875,0.13816153112566099,-0.15173686706111766,-0.013575335935456678,0.014767859621507706,-0.016218905030285734,-0.0014510454087780296
6673.0,Sergio Canales,Sergio Canales Madrazo,Real Sociedad,16,928,1079,0.05750673116464168,-0.08734683043439873,-0.029840099269757045,0.0055771614276053354,-0.0084711365723016,-0.0028939751446962654
21877.0,Nacho Monsalve,Ignacio Monsalve Vicente,Atlético Madrid,1,93,59,0.10613115644082427,-0.10934614951838739,-0.003214993077563122,0.10270757074918477,-0.10581885437263297,-0.0031112836234481827
27239.0,Aleksandar Pantić,Aleksandar Pantić,Eibar,20,1744,1071,-0.040105348045472056,-0.02343750838190317,-0.06354285642737523,-0.0020696567225300944,-0.0012095044463138105,-0.003279161168843905
6761.0,Léo Baptistão,Leonardo Carrilho Baptistão,Villarreal,26,1332,1056,0.17337305704131722,-0.24036743574833963,-0.0669943787070224,0.011714395746034948,-0.01624104295596889,-0.004526647209933946
6845.0,Ager Aketxe,Ager Aketxe Barrutia,Athletic Club,3,194,190,-0.07651657118974253,0.0636538346298039,-0.012862736559938637,-0.03549737838699396,0.029530129467434794,-0.005967248919559161
6734.0,Luisinho,Luis Carlos Correia Pinto,RC Deportivo La Coruña,20,1156,1078,0.11227867162134499,-0.19021046560374089,-0.0779317939823959,0.00874141907086596,-0.014808773273647647,-0.006067354202781688
26690.0,Manucho Gonçalves,Alberto Mateus Contreiras Gonçalves,Rayo Vallecano,28,1036,527,0.27914518292527646,-0.35158914141356945,-0.07244395848829299,0.024250064153740234,-0.030543458230908545,-0.006293394077168311
16723.0,Egor Filipenko,Egor Filipenko,Málaga,8,583,392,-0.1791902010445483,0.13834075076738372,-0.04084945027716458,-0.027662295186980015,0.021356205092735052,-0.00630609009424496
26009.0,Roberto Soldado,Roberto Soldado Rillo,Villarreal,28,2323,1859,0.5628981774789281,-0.7364506999147125,-0.17355252243578434,0.02180836675553316,-0.028532312954078397,-0.006723946198545239
23970.0,José Mari,José María Martín-Bejarano Serrano,Levante UD,12,823,864,0.13490704528195785,-0.19875346618937328,-0.06384642090741544,0.01475289681090669,-0.02173488694659003,-0.00698199013568334
24578.0,Paco Montañés,Francisco Montañés Claverías,Espanyol,7,289,218,0.010845643992070109,-0.04081403979216702,-0.029968395800096914,0.00337753619130211,-0.012710254606557204,-0.009332718415255094
10754.0,Litri,Héctor Hernández Ortega,Real Sociedad,13,437,485,0.1179824493592605,-0.16481381448102184,-0.04683136512176134,0.02429844494813145,-0.03394334852011891,-0.00964490357198746
24143.0,Álvaro Vadillo,Álvaro Vadillo Cifuentes,Real Betis,3,92,81,-0.006251675076782703,-0.007012268673861399,-0.013263943750644103,-0.006115769096852645,-0.006859828050516586,-0.012975597147369232
18867.0,Matías Nahuel,Matías Nahuel Leiva Esquivel,Villarreal,20,1050,926,0.05650162454927342,-0.21951306343544275,-0.1630114388861693,0.0048429963899377215,-0.018815405437323664,-0.013972409047385942
30454.0,Curro Sánchez,Francisco José Sánchez Rodríguez,Sevilla,4,319,283,0.06428504041582346,-0.12454519717721269,-0.060260156761389225,0.018136845258382793,-0.035138143404229286,-0.01700129814584649
27251.0,Nili,Francisco José Perdomo Borges,Las Palmas,8,330,320,-0.16302207281114534,0.09289075408014469,-0.07013131873100065,-0.044460565312130544,0.025333842021857643,-0.019126723290272905
27052.0,Levy Madinda,Lévy Clément Madinda,Celta Vigo,1,2,5,-4.003825597465038e-05,-0.00038841820787638426,-0.00042845646385103464,-0.0018017215188592672,-0.01747881935443729,-0.01928054087329656
10037.0,Danilo Barbosa,Danilo Barbosa da Silva,Valencia,19,1414,1239,0.20844115330767818,-0.5432744169374928,-0.3348332636298146,0.013267117254378383,-0.03457899400592246,-0.021311876751544067
6669.0,David Zurutuza,David Zurutuza Veillet,Real Sociedad,16,1152,1372,-0.05613321636337787,-0.23634984530508518,-0.29248306166846305,-0.004385407528388896,-0.01846483166445978,-0.022850239192848676
27482.0,Aderllan Santos,Aderllan Leandro de Jesus Santos,Valencia,17,1583,1389,0.3760665782028809,-0.7832921595545486,-0.40722558135166764,0.02138091726990479,-0.044533350827485385,-0.0231524335575806
25824.0,Ángel Trujillo,Ángel Trujillo Canorea,Levante UD,8,694,398,0.17097731080139056,-0.3496177811175585,-0.17864047031616792,0.022172850103926726,-0.0453394817011243,-0.023166631597197566
19724.0,Rafael van der Vaart,Rafael van der Vaart,Real Betis,7,199,219,0.0470352941644378,-0.09923213109141216,-0.052196836926974355,0.021272243591956796,-0.04487885325742258,-0.023606609665465787
31467.0,Eneko Capilla,Eneko Capilla González,Real Sociedad,1,11,14,-0.003584381192922592,0.0006865967880003154,-0.0028977844049222767,-0.02932675521482121,0.005617610083638945,-0.023709145131182264
10881.0,Diogo Figueiras,Diogo José Rosário Gomes Figueiras,Sevilla,4,285,289,0.2054257247946225,-0.28163444277015515,-0.07620871797553264,0.06487128151409131,-0.0889371924537332,-0.024065910939641885
6743.0,Manuel Iturra,Manuel Rolando Iturra Urrutia,Rayo Vallecano,6,403,358,0.08422931336099282,-0.19818306138040498,-0.11395374801941216,0.01881051663148723,-0.044259244477013515,-0.02544872784552629
26209.0,Manuel Pablo,Manuel Pablo García Díaz,RC Deportivo La Coruña,3,179,196,0.06138128292514011,-0.11576024984242395,-0.05437896691728383,0.03086209756012631,-0.058203477574403105,-0.027341380014276787
6349.0,Federico Fazio,Federico Julián Fazio,Sevilla,4,305,232,0.08786401356337592,-0.18085071293171495,-0.09298669936833903,0.025927085969520765,-0.05336578414378474,-0.027438698174263976
6617.0,Ibai Gómez,Ibai Gómez Pérez,Athletic Club,5,129,126,-0.035898679291829466,-0.004790650185896084,-0.04068932947772555,-0.025045590203601954,-0.003342314083183314,-0.028387904286785268
16073.0,Aras Özbiliz,Aras Özbiliz,Rayo Vallecano,3,107,73,0.010772701226640494,-0.04522816446842626,-0.034455463241785764,0.009061150564463967,-0.038042381328582835,-0.028981230764118866
18721.0,Robert Ibáñez,Robert Ibáñez Castro,Granada,18,737,563,0.13539506768574938,-0.4028097142872866,-0.26741464660153724,0.016533997410742803,-0.04918978871893595,-0.03265579130819315
26775.0,Thievy Bifouma,Thievy Guivane Bifouma Koulossa,Granada,7,215,174,-0.0757674428783357,-0.009973619075026363,-0.08574106195336206,-0.03171660399558239,-0.004175003333731966,-0.03589160732931435
16426.0,Wanderson Maciel Sousa Campos,Wanderson Maciel Sousa Campos,Getafe,20,824,754,-0.09876819464261644,-0.23517056027776562,-0.33393875492038205,-0.010787788249800338,-0.02568610488470741,-0.03647389313450775
9403.0,Izet Hajrović,Izet Hajrović,Eibar,7,188,164,-0.019500399047508818,-0.06399340883945115,-0.08349380788695995,-0.009335297416360605,-0.030635142529524487,-0.03997043994588508
27345.0,Didier Digard,Didier Digard,Real Betis,8,323,343,0.18329687558836305,-0.335974882269511,-0.15267800668114795,0.051073432826478866,-0.09361529227323837,-0.04254185944675949
6616.0,Munir El Haddadi,Munir El Haddadi Mohamed,Barcelona,15,863,724,-0.34986550856009124,-0.06068275886354968,-0.4105482674236409,-0.0364865536157685,-0.006328445304425807,-0.0428149989201943
18904.0,Matías Kranevitter,Claudio Matías Kranevitter,Atlético Madrid,8,350,287,0.1477084609796293,-0.31585368994274177,-0.16814522896311246,0.037982175680476106,-0.08121952027099073,-0.043237344590514634
6755.0,Sergio Asenjo,Sergio Asenjo Andrés,Villarreal,4,375,170,0.2867387797450647,-0.48175651824567467,-0.19501773850061,0.06881730713881552,-0.11562156437896191,-0.046804257240146405
6630.0,Jorge Molina,Jorge Molina Vidal,Real Betis,23,965,630,-0.3236964510870166,-0.22428235594998114,-0.5479788070369978,-0.030189306318996367,-0.020917525425386843,-0.05110683174438321
6795.0,Rubén Blanco,Rubén Blanco Veiga,Celta Vigo,8,710,376,0.45513161772396415,-0.8586828446132131,-0.40355122688924894,0.0576927402748687,-0.10884712114815377,-0.051154380873285075
23799.0,Eddy Silvestre,Eddy Silvestre Pascual İsrafilov,Eibar,6,230,167,0.12592133198631927,-0.26964060112368315,-0.14371926913736388,0.049273564690298845,-0.10551153957013688,-0.05623797487983804
24234.0,Juan Domínguez,Juan Domínguez Lamas,RC Deportivo La Coruña,5,197,135,-0.14371096098329872,0.020075353037100285,-0.12363560794619843,-0.06565475374871516,0.009171481082939217,-0.056483272665775935
23849.0,Fran Villalba,Francisco José Villalba Rodrigo,Valencia,1,7,11,-0.0021596092265099287,-0.0025136780459433794,-0.004673287272453308,-0.027766404340841943,-0.03231871773355773,-0.06008512207439967
10852.0,Miguel Cardoso,Miguel Filipe Nunes Cardoso,RC Deportivo La Coruña,3,56,50,-0.028622691403143108,-0.009869916073512286,-0.038492607476655394,-0.04600075404076571,-0.015862365118144744,-0.061863119158910455
27348.0,Ricky van Wolfswinkel,Ricky van Wolfswinkel,Real Betis,16,664,400,-0.26947824243688956,-0.1879503277305048,-0.45742857016739435,-0.036525665390542264,-0.025475195023713,-0.06200086041425526
24035.0,Álvaro Vázquez,Álvaro Vázquez García,Getafe,34,2054,1055,-0.9219983904895112,-0.5057662750186864,-1.4277646655081977,-0.0403991505083038,-0.022161131816787624,-0.06256028232509142
40822.0,Dani Ndi,Daniel Arnaud N''Di	,Sporting Gijón,15,771,636,-0.4766880852112081,-0.06482053099898621,-0.5415086162101943,-0.055644523565510674,-0.007566598949298002,-0.06321112251480868
6763.0,Pablo Piatti,Pablo Daniel Piatti,Valencia,21,835,792,-0.3827143233055249,-0.211448201618623,-0.5941625249241479,-0.0412506456257452,-0.022790824126558164,-0.06404146975230336
24249.0,Juan Muñiz,Juan Muñiz Gallego,Sporting Gijón,4,74,71,-0.02247244842723012,-0.032793021004181355,-0.055265469431411474,-0.027331356195279877,-0.03988340392400435,-0.06721476011928422
25126.0,Nicolás López,Nicolás Federico López Alonso,Granada,8,185,157,-0.1657668080427684,0.026637767703505233,-0.13912904033926315,-0.08064331202080624,0.012958914017921465,-0.06768439800288478
6737.0,Alfonso Pedraza,Alfonso Pedraza Sag,Villarreal,2,105,65,-0.08941557549405843,0.007196328166173771,-0.08221924732788466,-0.07664192185205009,0.0061682812852918035,-0.07047364056675828
24086.0,Antonio Raillo,Antonio José Raillo Arenas,Espanyol,4,375,228,-0.24215751385781914,-0.052107946801697835,-0.294265460659517,-0.05811780332587659,-0.012505907232407479,-0.07062371055828408
6860.0,Mariano Barbosa,Mariano Damián Barbosa,Villarreal,2,184,79,0.05843047716189176,-0.20282421447336674,-0.14439373731147498,0.028580124698751406,-0.09920749620979893,-0.07062737151104755
27401.0,Bernard Mensah,Bernard Mensah,Getafe,8,89,121,0.020086596545297652,-0.09124217682983726,-0.07115558028453961,0.020312288641312234,-0.09226736982792531,-0.07195508118661309
6692.0,Oier Olazábal,Oier Olazábal Paredes,Real Sociedad,3,238,146,0.2194956899038516,-0.41283938620472327,-0.19334369630087167,0.08300257181238085,-0.15611573427909703,-0.07311316246671618
12349.0,Wilfried Zahibo,Wilfried Aimeric Zahibo,Valencia,2,135,127,-0.0009229780989699066,-0.11551207705633715,-0.11643505515530705,-0.0006153187326466044,-0.07700805137089144,-0.07762337010353804
10868.0,Ricardo Horta,Ricardo Jorge Luz Horta,Málaga,17,830,736,-0.5800947263846173,-0.16944990016054362,-0.749544626545161,-0.06290183780074164,-0.01837408555957702,-0.08127592336031866
25997.0,Jonás Gutiérrez,Jonás Manuel Gutiérrez,RC Deportivo La Coruña,15,499,436,0.04358598802355118,-0.4975061690493021,-0.45392018102575094,0.00786120024472867,-0.08973057157201841,-0.08186937132728975
27123.0,Jordi Xumetra,Jordi Xumetra Feliu,Levante UD,13,553,339,-0.221835434905719,-0.29713780181191396,-0.518973236717633,-0.03610341616910436,-0.04835877425510354,-0.0844621904242079
27243.0,Oriol Riera,Oriol Riera Magem,RC Deportivo La Coruña,22,858,587,-0.5521195869660005,-0.29019090472138487,-0.8423104916873854,-0.057914641989440616,-0.030439605390355055,-0.08835424737979568
43354.0,Zhang Chengdong,Chengdong Zhang,Rayo Vallecano,1,12,7,-0.0039169074152596295,-0.008274993801023811,-0.01219190121628344,-0.02937680561444722,-0.06206245350767858,-0.0914392591221258
3130.0,Gaël Kakuta,Gaël Kakuta,Sevilla,2,50,39,-0.04505762405786663,-0.00838126739836298,-0.05343889145622961,-0.08110372330415994,-0.015086281317053361,-0.0961900046212133
9246.0,Patrick Ebert,Patrick Ebert,Rayo Vallecano,9,570,533,-0.4747542678900063,-0.1698931668070145,-0.6446474346970208,-0.07496120019315888,-0.026825236864265446,-0.10178643705742435
25057.0,Álex Barrera,Alejandro Barrera García,Sporting Gijón,5,75,75,-0.09483306418405846,-0.009678052680101246,-0.1045111168641597,-0.11379967702087014,-0.011613663216121495,-0.12541334023699163
27481.0,Tropi,Carlos Carbonell Gil,Valencia,1,6,5,-0.0035935690393671393,-0.004921640618704259,-0.008515209658071399,-0.05390353559050709,-0.07382460928056389,-0.12772814487107098
3486.0,Fernando Llorente,Fernando Llorente Torres,Sevilla,23,1196,784,-1.3621961207536515,-0.37105174810858443,-1.733247868862236,-0.10250639704667946,-0.02792195428910752,-0.13042835133578698
6744.0,Luciano Vietto,Luciano Vietto,Atlético Madrid,19,988,910,-1.2962014992372133,-0.15981393260881305,-1.4560154318460263,-0.11807503535561659,-0.01455794932671374,-0.13263298468233034
3302.0,Nordin Amrabat,Nordin Amrabat,Málaga,13,1021,918,-1.3145514258921818,-0.20994101744145155,-1.5244924433336333,-0.11587622755171044,-0.018506064221087793,-0.13438229177279823
23924.0,Mamadou Sylla,Mamadou Sylla Diallo,Espanyol,14,379,206,-0.39784521292313,-0.17275709289242513,-0.5706023058155552,-0.09447511652528154,-0.04102411176864977,-0.1354992282939313
27250.0,Nabil Ghilas,Nabil Ghilas,Levante UD,20,1062,629,-1.497034249943681,-0.4052355990279466,-1.9022698489716277,-0.1268673093172611,-0.034341999917622594,-0.16120930923488372
26288.0,Jonathan Rodríguez,Jonathan Javier Rodríguez Portillo,RC Deportivo La Coruña,13,594,329,-0.9735012814635411,-0.11780826485482976,-1.0913095463183708,-0.1475001941611426,-0.01784973709921663,-0.1653499312603592
197595.0,Sergio Mendigutxia Iglesias,Sergio Mendigutxia Iglesias,Sporting Gijón,1,33,19,-0.034338734578341246,-0.026945094752591103,-0.06128382933093235,-0.09365109430456703,-0.0734866220525212,-0.16713771635708824
27480.0,Lucas Orbán,Lucas Alfonso Orbán Alegre,Valencia,10,816,806,0.32210827112430707,-2.0220042189466767,-1.6998959478223696,0.03552664755047504,-0.22301517120735403,-0.187488523656879
11146.0,Luis Fariña,Luis Carlos Fariña Olivera,Rayo Vallecano,3,63,53,-0.13637843780452386,-0.0014576595858670771,-0.13783609739039093,-0.19482633972074836,-0.0020823708369529675,-0.19690871055770132
26518.0,Kike Sola,Enrique Sola Clemente,Athletic Club,5,91,37,-0.1734045265475288,-0.026926585182081908,-0.2003311117296107,-0.17149898229975374,-0.02663068864161947,-0.19812967094137324
21147.0,Borja Mayoral,Borja Mayoral Moya,Real Madrid,6,291,200,-0.6153980573872104,-0.06281454546842724,-0.6782126028556377,-0.19032929609913726,-0.019427179010853786,-0.20975647510999101
26248.0,David Barral,David Barral Torres,Granada,14,408,292,-0.9597090940224007,-0.027528516569873318,-0.987237610592274,-0.21170053544611778,-0.006072466890413232,-0.21777300233653105
23833.0,Borja Viguera,Borja Viguera Manzanares,Athletic Club,9,327,215,-0.7142693960955366,-0.09891925449483097,-0.8131886505903676,-0.1965879071822578,-0.027225482888485586,-0.22381339007074338
26647.0,Henok Goitom,Henok Goitom,Getafe,2,131,65,-0.3015174214961007,-0.04978429258335382,-0.35130171407945454,-0.20714937354693944,-0.03420294910306751,-0.24135232265000695
3508.0,Sandro Ramírez,Sandro Ramírez Castillo,Barcelona,10,370,215,-1.0288402816513553,-0.017374600691255182,-1.0462148823426105,-0.2502584468881675,-0.004226254222197206,-0.2544847011103647
23838.0,Pablo Pérez,Pablo Pérez Rodríguez,Sporting Gijón,18,791,608,-1.8730842478980776,-0.3678881741652731,-2.2409724220633507,-0.2131195730857484,-0.04185832575837494,-0.25497789884412336
6684.0,Roger Martí,Roger Martí Salvador,Levante UD,16,688,371,-1.664785688277334,-0.2870724303647876,-1.9518581186421216,-0.2177771975944187,-0.03755307955353326,-0.2553302771479519
37212.0,Leandro Damião,Leandro Damião da Silva dos Santos,Real Betis,3,138,74,-0.4250882047927007,-0.057139631477184594,-0.4822278362698853,-0.2772314379082831,-0.03726497705033778,-0.31449641495862085
27970.0,Ian González,Ian González Nieto,Getafe,1,17,23,-0.1003010671120137,-0.0048559135757386684,-0.10515698068775237,-0.531005649416543,-0.025707777753910598,-0.5567134271704537
